problem,matrix_role,eigenvalue_index,eigenvalue,tau,tau_lambda,nearest_integer,grid_distance,aliased
harmonic_oscillator,physical_hermitian_99x99,0,-0.16682632930975952,3966.6280166708093,-661.7379917584427,-662,0.2620082415572824,False
harmonic_oscillator,physical_hermitian_99x99,1,-0.16669709036305422,3966.6280166708093,-661.2253489315964,-661,0.22534893159638614,False
harmonic_oscillator,physical_hermitian_99x99,2,-0.16648183383791681,3966.6280166708093,-660.3715063682153,-660,0.3715063682152504,False
harmonic_oscillator,physical_hermitian_99x99,3,-0.16618077216654945,3966.6280166708093,-659.1773067078236,-659,0.17730670782361813,False
harmonic_oscillator,physical_hermitian_99x99,4,-0.16579420246047394,3966.6280166708093,-657.6439284813083,-658,0.3560715186916923,False
harmonic_oscillator,physical_hermitian_99x99,5,-0.1653225062173192,3966.6280166708093,-655.7728849478524,-656,0.22711505214761019,False
harmonic_oscillator,physical_hermitian_99x99,6,-0.16476614894432853,3966.6280166708093,-653.5660226015291,-654,0.43397739847091543,False
harmonic_oscillator,physical_hermitian_99x99,7,-0.16412567969896072,3966.6280166708093,-651.025519349037,-651,0.02551934903704023,False
harmonic_oscillator,physical_hermitian_99x99,8,-0.16340173054703602,3966.6280166708093,-648.1538823603674,-648,0.1538823603674473,False
harmonic_oscillator,physical_hermitian_99x99,9,-0.16259501593896405,3966.6280166708093,-644.9539455945317,-645,0.04605440546833961,False
harmonic_oscillator,physical_hermitian_99x99,10,-0.161706332004667,3966.6280166708093,-641.4288670027837,-641,0.42886700278370427,False
harmonic_oscillator,physical_hermitian_99x99,11,-0.160736555767896,3966.6280166708093,-637.5821254121063,-638,0.4178745878937207,False
harmonic_oscillator,physical_hermitian_99x99,12,-0.1596866442807143,3966.6280166708093,-633.4175170920269,-633,0.4175170920268556,False
harmonic_oscillator,physical_hermitian_99x99,13,-0.15855763367900216,3966.6280166708093,-628.9391520081571,-629,0.06084799184293388,False
harmonic_oscillator,physical_hermitian_99x99,14,-0.15735063815991662,3966.6280166708093,-624.1514497661562,-624,0.15144976615624728,False
harmonic_oscillator,physical_hermitian_99x99,15,-0.1560668488823127,3966.6280166708093,-619.0591352501109,-619,0.059135250110898596,False
harmonic_oscillator,physical_hermitian_99x99,16,-0.1547075327912134,3966.6280166708093,-613.667233959645,-614,0.3327660403549544,False
harmonic_oscillator,physical_hermitian_99x99,17,-0.1532740313674886,3966.6280166708093,-607.9810670503607,-608,0.01893294963929293,False
harmonic_oscillator,physical_hermitian_99x99,18,-0.15176775930397465,3966.6280166708093,-602.0062460824978,-602,0.006246082497796124,False
harmonic_oscillator,physical_hermitian_99x99,19,-0.15019020310934392,3966.6280166708093,-595.7486674830029,-596,0.25133251699708126,False
harmonic_oscillator,physical_hermitian_99x99,20,-0.1485429196410999,3966.6280166708093,-589.2145067264674,-589,0.21450672646744806,False
harmonic_oscillator,physical_hermitian_99x99,21,-0.14682753456914663,3966.6280166708093,-582.4102122406788,-582,0.4102122406787885,False
harmonic_oscillator,physical_hermitian_99x99,22,-0.14504574077144938,3966.6280166708093,-575.3424990428026,-575,0.3424990428026149,False
harmonic_oscillator,physical_hermitian_99x99,23,-0.14319929666336767,3966.6280166708093,-568.018342112469,-568,0.01834211246898576,False
harmonic_oscillator,physical_hermitian_99x99,24,-0.14129002446231245,3966.6280166708093,-560.4449695083126,-560,0.4449695083126244,False
harmonic_oscillator,physical_hermitian_99x99,25,-0.13931980838943686,3966.6280166708093,-552.6298552347491,-553,0.3701447652508705,False
harmonic_oscillator,physical_hermitian_99x99,26,-0.1372905928101379,3966.6280166708093,-544.580711866037,-545,0.4192881339630503,False
harmonic_oscillator,physical_hermitian_99x99,27,-0.135204380315202,3966.6280166708093,-536.3054829348955,-536,0.30548293489550815,False
harmonic_oscillator,physical_hermitian_99x99,28,-0.13306322974449022,3966.6280166708093,-527.8123350931995,-528,0.1876649068004781,False
harmonic_oscillator,physical_hermitian_99x99,29,-0.13086925415511155,3966.6280166708093,-519.1096500524782,-519,0.10965005247817317,False
harmonic_oscillator,physical_hermitian_99x99,30,-0.12862461873609096,3966.6280166708093,-510.2060163121795,-510,0.2060163121794858,False
harmonic_oscillator,physical_hermitian_99x99,31,-0.12633153867158886,3966.6280166708093,-501.1102206838562,-501,0.11022068385619832,False
harmonic_oscillator,physical_hermitian_99x99,32,-0.12399227695478199,3966.6280166708093,-491.8312396196446,-492,0.1687603803554225,False
harmonic_oscillator,physical_hermitian_99x99,33,-0.12160914215456232,3966.6280166708093,-482.3782303535901,-482,0.3782303535900837,False
harmonic_oscillator,physical_hermitian_99x99,34,-0.11918448613725836,3966.6280166708093,-472.7605218645627,-473,0.23947813543730945,False
harmonic_oscillator,physical_hermitian_99x99,35,-0.11672070174562689,3966.6280166708093,-462.98760566968105,-463,0.012394330318954871,False
harmonic_oscillator,physical_hermitian_99x99,36,-0.11422022043740614,3966.6280166708093,-453.0691264573309,-453,0.06912645733092404,False
harmonic_oscillator,physical_hermitian_99x99,37,-0.11168550988576066,3966.6280166708093,-443.0148725690229,-443,0.014872569022884363,False
harmonic_oscillator,physical_hermitian_99x99,38,-0.10911907154398547,3966.6280166708093,-432.8347663394792,-433,0.165233660520812,False
harmonic_oscillator,physical_hermitian_99x99,39,-0.10652343817687411,3966.6280166708093,-422.53885430448975,-423,0.461145695510254,False
harmonic_oscillator,physical_hermitian_99x99,40,-0.1039011713611853,3966.6280166708093,-412.13729728619234,-412,0.13729728619233583,False
harmonic_oscillator,physical_hermitian_99x99,41,-0.10125485895767605,3966.6280166708093,-401.6403603655691,-402,0.3596396344308914,False
harmonic_oscillator,physical_hermitian_99x99,42,-0.09858711255719539,3966.6280166708093,-391.0584027520498,-391,0.058402752049801165,False
harmonic_oscillator,physical_hermitian_99x99,43,-0.09590056490335974,3966.6280166708093,-380.40186756022405,-380,0.4018675602240478,False
harmonic_oscillator,physical_hermitian_99x99,44,-0.09319786729435257,3966.6280166708093,-369.68127150374704,-370,0.31872849625295885,False
harmonic_oscillator,physical_hermitian_99x99,45,-0.09048168696641334,3966.6280166708093,-358.9071945166132,-359,0.09280548338682593,False
harmonic_oscillator,physical_hermitian_99x99,46,-0.08775470446159726,3966.6280166708093,-348.0902693120386,-348,0.09026931203857202,False
harmonic_oscillator,physical_hermitian_99x99,47,-0.08501961098240417,3966.6280166708093,-337.2411708892576,-337,0.241170889257603,False
harmonic_oscillator,physical_hermitian_99x99,48,-0.08227910573588586,3966.6280166708093,-326.3706059985847,-326,0.3706059985847219,False
harmonic_oscillator,physical_hermitian_99x99,49,-0.07953589326985577,3966.6280166708093,-315.48930257514917,-315,0.48930257514916775,False
harmonic_oscillator,physical_hermitian_99x99,50,-0.07679268080382558,3966.6280166708093,-304.60799915171316,-305,0.3920008482868411,False
harmonic_oscillator,physical_hermitian_99x99,51,-0.07405217555730736,3966.6280166708093,-293.7374342610407,-294,0.26256573895932434,False
harmonic_oscillator,physical_hermitian_99x99,52,-0.07131708207811421,3966.6280166708093,-282.8883358382595,-283,0.11166416174052074,False
harmonic_oscillator,physical_hermitian_99x99,53,-0.06859009957329813,3966.6280166708093,-272.0714106336849,-272,0.07141063368487721,False
harmonic_oscillator,physical_hermitian_99x99,54,-0.06587391924535888,3966.6280166708093,-261.29733364655095,-261,0.2973336465509533,False
harmonic_oscillator,physical_hermitian_99x99,55,-0.06317122163635172,3966.6280166708093,-250.57673759007395,-251,0.42326240992605335,False
harmonic_oscillator,physical_hermitian_99x99,56,-0.06048467398251607,3966.6280166708093,-239.92020239824822,-240,0.0797976017517783,False
harmonic_oscillator,physical_hermitian_99x99,57,-0.057816927582035445,3966.6280166708093,-229.33824478472906,-229,0.3382447847290564,False
harmonic_oscillator,physical_hermitian_99x99,58,-0.05517061517852616,3966.6280166708093,-218.84130786410566,-219,0.1586921358943414,False
harmonic_oscillator,physical_hermitian_99x99,59,-0.05254834836283738,3966.6280166708093,-208.43975084580842,-208,0.43975084580841894,False
harmonic_oscillator,physical_hermitian_99x99,60,-0.04995271499572604,3966.6280166708093,-198.14383881081898,-198,0.14383881081897698,False
harmonic_oscillator,physical_hermitian_99x99,61,-0.04738627665395084,3966.6280166708093,-187.9637325812753,-188,0.03626741872469097,False
harmonic_oscillator,physical_hermitian_99x99,62,-0.04485156610230537,3966.6280166708093,-177.90947869296724,-178,0.09052130703275907,False
harmonic_oscillator,physical_hermitian_99x99,63,-0.042351084794084635,3966.6280166708093,-167.9909994806172,-168,0.009000519382794891,False
harmonic_oscillator,physical_hermitian_99x99,64,-0.03988730040245315,3966.6280166708093,-158.2180832857355,-158,0.21808328573550284,False
harmonic_oscillator,physical_hermitian_99x99,65,-0.0374626443851492,3966.6280166708093,-148.6003747967082,-149,0.39962520329180506,False
harmonic_oscillator,physical_hermitian_99x99,66,-0.03507950958492953,3966.6280166708093,-139.14736553065367,-139,0.14736553065367275,False
harmonic_oscillator,physical_hermitian_99x99,67,-0.03274024786812263,3966.6280166708093,-129.86838446644197,-130,0.13161553355803335,False
harmonic_oscillator,physical_hermitian_99x99,68,-0.03044716780362054,3966.6280166708093,-120.77258883811866,-121,0.22741116188133503,False
harmonic_oscillator,physical_hermitian_99x99,69,-0.028202532384599955,3966.6280166708093,-111.86895509781999,-112,0.1310449021800082,False
harmonic_oscillator,physical_hermitian_99x99,70,-0.026008556795221374,3966.6280166708093,-103.16627005709906,-103,0.16627005709905518,False
harmonic_oscillator,physical_hermitian_99x99,71,-0.02386740622450956,3966.6280166708093,-94.67312221540288,-95,0.3268777845971158,False
harmonic_oscillator,physical_hermitian_99x99,72,-0.02178119372957364,3966.6280166708093,-86.39789328426134,-86,0.3978932842613432,False
harmonic_oscillator,physical_hermitian_99x99,73,-0.019751978150274564,3966.6280166708093,-78.34874991554875,-78,0.34874991554875123,False
harmonic_oscillator,physical_hermitian_99x99,74,-0.01778176207739907,3966.6280166708093,-70.53363564198568,-71,0.4663643580143173,False
harmonic_oscillator,physical_hermitian_99x99,75,-0.015872489876343827,3966.6280166708093,-62.960263037829215,-63,0.03973696217078526,False
harmonic_oscillator,physical_hermitian_99x99,76,-0.014026045768262174,3966.6280166708093,-55.636106107495785,-56,0.36389389250421544,False
harmonic_oscillator,physical_hermitian_99x99,77,-0.012244251970564834,3966.6280166708093,-48.56839290961924,-49,0.4316070903807585,False
harmonic_oscillator,physical_hermitian_99x99,78,-0.010528866898611638,3966.6280166708093,-41.764098423830816,-42,0.2359015761691836,False
harmonic_oscillator,physical_hermitian_99x99,79,-0.008881583430367579,3966.6280166708093,-35.229937667295275,-35,0.22993766729527465,False
harmonic_oscillator,physical_hermitian_99x99,80,-0.007304027235736894,3966.6280166708093,-28.97235906780061,-29,0.027640932199389567,False
harmonic_oscillator,physical_hermitian_99x99,81,-0.005797755172222922,3966.6280166708093,-22.997538099937533,-23,0.0024619000624674925,False
harmonic_oscillator,physical_hermitian_99x99,82,-0.004364253748498155,3966.6280166708093,-17.311371190653382,-17,0.31137119065338226,False
harmonic_oscillator,physical_hermitian_99x99,83,-0.003004937657398884,3966.6280166708093,-11.919469900187563,-12,0.08053009981243697,False
harmonic_oscillator,physical_hermitian_99x99,84,-0.0017211483797948287,3966.6280166708093,-6.827155384141738,-7,0.17284461585826172,False
harmonic_oscillator,physical_hermitian_99x99,85,-0.0005141528607092696,3966.6280166708093,-2.039453142140833,-2,0.03945314214083284,False
harmonic_oscillator,physical_hermitian_99x99,86,0.0006148577410027286,3966.6280166708093,2.4389119417283474,2,0.43891194172834735,False
harmonic_oscillator,physical_hermitian_99x99,87,0.0016647692281844771,3966.6280166708093,6.6035202618079865,7,0.39647973819201354,False
harmonic_oscillator,physical_hermitian_99x99,88,0.0026345454649554733,3966.6280166708093,10.450261852485404,10,0.4502618524854043,False
harmonic_oscillator,physical_hermitian_99x99,89,0.003523229399252525,3966.6280166708093,13.97534044423333,14,0.024659555766669783,False
harmonic_oscillator,physical_hermitian_99x99,90,0.004329944007324533,3966.6280166708093,17.175277210069368,17,0.17527721006936758,False
harmonic_oscillator,physical_hermitian_99x99,91,0.005053893159249187,3966.6280166708093,20.046914198738772,20,0.04691419873877223,False
harmonic_oscillator,physical_hermitian_99x99,92,0.005694362404617033,3966.6280166708093,22.587417451230884,23,0.41258254876911593,False
harmonic_oscillator,physical_hermitian_99x99,93,0.006250719677607677,3966.6280166708093,24.79427979755414,25,0.20572020244586042,False
harmonic_oscillator,physical_hermitian_99x99,94,0.006722415920762407,3966.6280166708093,26.665323331010057,27,0.3346766689899425,False
harmonic_oscillator,physical_hermitian_99x99,95,0.00710898562683791,3966.6280166708093,28.198701557525347,28,0.19870155752534657,False
harmonic_oscillator,physical_hermitian_99x99,96,0.0074100472982053245,3966.6280166708093,29.392901217917075,29,0.3929012179170748,False
harmonic_oscillator,physical_hermitian_99x99,97,0.007625303823342717,3966.6280166708093,30.24674378129826,30,0.24674378129826025,False
harmonic_oscillator,physical_hermitian_99x99,98,0.007754542770047978,3966.6280166708093,30.759386608144375,31,0.24061339185562503,False
damped_oscillator,hermitian_embedding_198x198,0,-0.16680686286454724,8892.098602882095,-1483.2630722289857,-1483,0.26307222898572036,False
damped_oscillator,hermitian_embedding_198x198,1,-0.16667768069725916,8892.098602882095,-1482.1143716597262,-1482,0.11437165972620278,False
damped_oscillator,hermitian_embedding_198x198,2,-0.16646251874816598,8892.098602882095,-1480.2011303928014,-1480,0.20113039280136036,False
damped_oscillator,hermitian_embedding_198x198,3,-0.16616158936507616,8892.098602882095,-1477.5252366458622,-1478,0.4747633541378491,False
damped_oscillator,hermitian_embedding_198x198,4,-0.1657751895415253,8892.098602882095,-1474.0893313147114,-1474,0.08933131471144407,False
damped_oscillator,hermitian_embedding_198x198,5,-0.16530370062372945,8892.098602882095,-1469.8968053675048,-1470,0.10319463249516048,False
damped_oscillator,hermitian_embedding_198x198,6,-0.16474758793430522,8892.098602882095,-1464.9517964988306,-1465,0.048203501169382434,False
damped_oscillator,hermitian_embedding_198x198,7,-0.16410740031313223,8892.098602882095,-1459.2591850470158,-1459,0.2591850470157624,False
damped_oscillator,hermitian_embedding_198x198,8,-0.16338376957580802,8892.098602882095,-1452.8245891786528,-1453,0.17541082134721364,False
damped_oscillator,hermitian_embedding_198x198,9,-0.16257740989023453,8892.098602882095,-1445.6543593451443,-1446,0.34564065485574247,False
damped_oscillator,hermitian_embedding_198x198,10,-0.1616891170719478,8892.098602882095,-1437.7555720167065,-1438,0.2444279832934626,False
damped_oscillator,hermitian_embedding_198x198,11,-0.16071976779889208,8892.098602882095,-1429.136022700063,-1429,0.13602270006299477,False
damped_oscillator,hermitian_embedding_198x198,12,-0.1596703187464102,8892.098602882095,-1419.804218246693,-1420,0.1957817533070738,False
damped_oscillator,hermitian_embedding_198x198,13,-0.15854180564330783,8892.098602882095,-1409.7693684592623,-1410,0.2306315407377042,False
damped_oscillator,hermitian_embedding_198x198,14,-0.15733534224992432,8892.098602882095,-1399.0413770045284,-1399,0.04137700452838544,False
damped_oscillator,hermitian_embedding_198x198,15,-0.15605211925921936,8892.098602882095,-1387.6308316416946,-1388,0.3691683583053873,False
damped_oscillator,hermitian_embedding_198x198,16,-0.15469340312196309,8892.098602882095,-1375.5489937758848,-1376,0.45100622411519,False
damped_oscillator,hermitian_embedding_198x198,17,-0.15326053479719118,8892.098602882095,-1362.8077873470663,-1363,0.1922126529336765,False
damped_oscillator,hermitian_embedding_198x198,18,-0.15175492842916,8892.098602882095,-1349.419787065406,-1349,0.41978706540589883,False
damped_oscillator,hermitian_embedding_198x198,19,-0.15017806995211072,8892.098602882095,-1335.3982060046933,-1335,0.3982060046932929,False
damped_oscillator,hermitian_embedding_198x198,20,-0.14853151562422345,8892.098602882095,-1320.7568825661174,-1321,0.24311743388261675,False
damped_oscillator,hermitian_embedding_198x198,21,-0.1468168904922106,8892.098602882095,-1305.5102668252796,-1306,0.48973317472041344,False
damped_oscillator,hermitian_embedding_198x198,22,-0.1450358867880701,8892.098602882095,-1289.673406275964,-1290,0.32659372403600173,False
damped_oscillator,hermitian_embedding_198x198,23,-0.1431902622595847,8892.098602882095,-1273.261930984774,-1273,0.26193098477392596,False
damped_oscillator,hermitian_embedding_198x198,24,-0.14128183843622105,8892.098602882095,-1256.2920381713352,-1256,0.29203817133520715,False
damped_oscillator,hermitian_embedding_198x198,25,-0.13931249883214603,8892.098602882095,-1238.7804762293392,-1239,0.21952377066077133,False
damped_oscillator,hermitian_embedding_198x198,26,-0.1372841870881401,8892.098602882095,-1220.744528204255,-1221,0.2554717957450521,False
damped_oscillator,hermitian_embedding_198x198,27,-0.13519890505425047,8892.098602882095,-1202.2019947440897,-1202,0.20199474408968854,False
damped_oscillator,hermitian_embedding_198x198,28,-0.13305871081508494,8892.098602882095,-1183.1711765401096,-1183,0.17117654010962724,False
damped_oscillator,hermitian_embedding_198x198,29,-0.13086571665970553,8892.098602882095,-1163.6708562749318,-1164,0.32914372506820655,False
damped_oscillator,hermitian_embedding_198x198,30,-0.12862208699813835,8892.098602882095,-1143.7202800959253,-1144,0.27971990407468184,False
damped_oscillator,hermitian_embedding_198x198,31,-0.12633003622656802,8892.098602882095,-1123.33913863231,-1123,0.339138632310096,False
damped_oscillator,hermitian_embedding_198x198,32,-0.12399182654334161,8892.098602882095,-1102.547547574847,-1103,0.45245242515306927,False
damped_oscillator,hermitian_embedding_198x198,33,-0.12160976571795407,8892.098602882095,-1081.3660278374382,-1081,0.366027837438196,False
damped_oscillator,hermitian_embedding_198x198,34,-0.11918620481523871,8892.098602882095,-1059.8154853204035,-1060,0.184514679596532,False
damped_oscillator,hermitian_embedding_198x198,35,-0.11672353587703425,8892.098602882095,-1037.9171902956343,-1038,0.08280970436567259,False
damped_oscillator,hermitian_embedding_198x198,36,-0.11422418956364284,8892.098602882095,-1015.6927564342081,-1016,0.3072435657918504,False
damped_oscillator,hermitian_embedding_198x198,37,-0.11169063275744318,8892.098602882095,-993.1641194974776,-993,0.1641194974775999,False
damped_oscillator,hermitian_embedding_198x198,38,-0.10912536613105964,8892.098602882095,-970.3535157129925,-970,0.35351571299247553,False
damped_oscillator,hermitian_embedding_198x198,39,-0.10653092168253593,8892.098602882095,-947.2834598570197,-947,0.2834598570196931,False
damped_oscillator,hermitian_embedding_198x198,40,-0.10390986023999742,8892.098602882095,-923.9767230657549,-924,0.023276934245131997,False
damped_oscillator,hermitian_embedding_198x198,41,-0.10126476893833053,8892.098602882095,-900.456310397707,-900,0.45631039770705684,False
damped_oscillator,hermitian_embedding_198x198,42,-0.09859825867044326,8892.098602882095,-876.745438170056,-877,0.25456182994400933,False
damped_oscillator,hermitian_embedding_198x198,43,-0.095912961515713,8892.098602882095,-852.8675110921558,-853,0.1324889078441629,False
damped_oscillator,hermitian_embedding_198x198,44,-0.09321152814826596,8892.098602882095,-828.8460992197008,-829,0.15390078029918186,False
damped_oscillator,hermitian_embedding_198x198,45,-0.09049662522777475,8892.098602882095,-804.7049147534404,-805,0.2950852465595517,False
damped_oscillator,hermitian_embedding_198x198,46,-0.08777093277550341,8892.098602882095,-780.4677887067121,-780,0.46778870671209916,False
damped_oscillator,hermitian_embedding_198x198,47,-0.08503714153837616,8892.098602882095,-756.1586474664816,-756,0.1586474664816251,False
damped_oscillator,hermitian_embedding_198x198,48,-0.0822979503438982,8892.098602882095,-731.8014892730372,-732,0.1985107269628088,False
damped_oscillator,hermitian_embedding_198x198,49,-0.07955606344881556,8892.098602882095,-707.4203606440122,-707,0.4203606440122485,False
damped_oscillator,hermitian_embedding_198x198,50,-0.07681418788446992,8892.098602882095,-683.0393327690177,-683,0.03933276901773297,False
damped_oscillator,hermitian_embedding_198x198,51,-0.07407503080188696,8892.098602882095,-658.6824779019072,-659,0.31752209809280885,False
damped_oscillator,hermitian_embedding_198x198,52,-0.07134129681973692,8892.098602882095,-634.3738457785795,-634,0.3738457785794935,False
damped_oscillator,hermitian_embedding_198x198,53,-0.06861568537843271,8892.098602882095,-610.137440089359,-610,0.1374400893589609,False
damped_oscillator,hermitian_embedding_198x198,54,-0.06590088810378875,8892.098602882095,-585.9971950363893,-586,0.0028049636107425613,False
damped_oscillator,hermitian_embedding_198x198,55,-0.06319958618387161,8892.098602882095,-561.9769520083314,-562,0.02304799166859084,False
damped_oscillator,hermitian_embedding_198x198,56,-0.0605144477629372,8892.098602882095,-538.1004364069954,-538,0.10043640699541356,False
damped_oscillator,hermitian_embedding_198x198,57,-0.05784812535670524,8892.098602882095,-514.391234663707,-514,0.3912346637069959,False
damped_oscillator,hermitian_embedding_198x198,58,-0.055203253293696075,8892.098602882095,-490.8727714874213,-491,0.1272285125787107,False
damped_oscillator,hermitian_embedding_198x198,59,-0.052582445187980796,8892.098602882095,-467.5682873921684,-468,0.4317126078316278,False
damped_oscillator,hermitian_embedding_198x198,60,-0.04998829144957465,8892.098602882095,-444.50081655922577,-445,0.4991834407742317,False
damped_oscillator,hermitian_embedding_198x198,61,-0.04742335683988872,8892.098602882095,-421.69316509995355,-422,0.30683490004645364,False
damped_oscillator,hermitian_embedding_198x198,62,-0.044890178081326976,8892.098602882095,-399.1678898000961,-399,0.16788980009607712,False
damped_oscillator,hermitian_embedding_198x198,63,-0.04239126153246646,8892.098602882095,-376.9472774472545,-377,0.05272255274547888,False
damped_oscillator,hermitian_embedding_198x198,64,-0.03992908094362539,8892.098602882095,-355.0533248731774,-355,0.05332487317741652,False
damped_oscillator,hermitian_embedding_198x198,65,-0.03750607531252026,8892.098602882095,-333.50771988605203,-334,0.4922801139479702,False
damped_oscillator,hermitian_embedding_198x198,66,-0.0351246468669316,8892.098602882095,-312.33182333216945,-312,0.33182333216944926,False
damped_oscillator,hermitian_embedding_198x198,67,-0.03278715921215873,8892.098602882095,-291.54665262290945,-292,0.4533473770905516,False
damped_oscillator,hermitian_embedding_198x198,68,-0.030495935697695983,8892.098602882095,-271.17286721106467,-271,0.17286721106466985,False
damped_oscillator,hermitian_embedding_198x198,69,-0.02825325808367606,8892.098602882095,-251.23075673272314,-251,0.2307567327231368,False
damped_oscillator,hermitian_embedding_198x198,70,-0.026061365629640527,8892.098602882095,-231.74023290452598,-232,0.2597670954740181,False
damped_oscillator,hermitian_embedding_198x198,71,-0.02392245479777443,8892.098602882095,-212.7208268848001,-213,0.27917311519991017,False
damped_oscillator,hermitian_embedding_198x198,72,-0.02183867988190779,8892.098602882095,-194.19169486670157,-194,0.19169486670156743,False
damped_oscillator,hermitian_embedding_198x198,73,-0.01981215508598229,8892.098602882095,-176.1716365601465,-176,0.17163656014650996,False
damped_oscillator,hermitian_embedding_198x198,74,-0.01784495897297839,8892.098602882095,-158.67913475210946,-159,0.32086524789053783,False
damped_oscillator,hermitian_embedding_198x198,75,-0.015939142995370532,8892.098602882095,-141.73243116027226,-142,0.26756883972774403,False
damped_oscillator,hermitian_embedding_198x198,76,-0.014096747523949677,8892.098602882095,-125.34966896289455,-125,0.3496689628945546,False
damped_oscillator,hermitian_embedding_198x198,77,-0.01231983295041859,8892.098602882095,-109.54916936615795,-110,0.45083063384204536,False
damped_oscillator,hermitian_embedding_198x198,78,-0.010610545923505127,8892.098602882095,-94.35002058221626,-94,0.35002058221625987,False
damped_oscillator,hermitian_embedding_198x198,79,-0.008971299990625622,8892.098602882095,-79.77368411267824,-80,0.22631588732176056,False
damped_oscillator,hermitian_embedding_198x198,80,-0.007753933286518659,8892.098602882095,-68.94873934389354,-69,0.05126065610646435,False
damped_oscillator,hermitian_embedding_198x198,81,-0.00762599271022727,8892.098602882095,-67.81107912420096,-68,0.1889208757990417,False
damped_oscillator,hermitian_embedding_198x198,82,-0.00741202859294608,8892.098602882095,-65.90848909585797,-66,0.09151090414202656,False
damped_oscillator,hermitian_embedding_198x198,83,-0.007405587808582987,8892.098602882095,-65.85121700622146,-66,0.1487829937785392,False
damped_oscillator,hermitian_embedding_198x198,84,-0.007112265541793839,8892.098602882095,-63.24296648751147,-63,0.24296648751146677,False
damped_oscillator,hermitian_embedding_198x198,85,-0.006730822051990803,8892.098602882095,-59.85113336475542,-60,0.14886663524458044,False
damped_oscillator,hermitian_embedding_198x198,86,-0.006262965118582868,8892.098602882095,-55.69090338085002,-56,0.3090966191499831,False
damped_oscillator,hermitian_embedding_198x198,87,-0.005919532658663041,8892.098602882095,-52.63706808381256,-53,0.362931916187442,False
damped_oscillator,hermitian_embedding_198x198,88,-0.0057065051353968905,8892.098602882095,-50.74280634180219,-51,0.2571936581978065,False
damped_oscillator,hermitian_embedding_198x198,89,-0.005085712984979281,8892.098602882095,-45.2226613283936,-45,0.22266132839359898,False
damped_oscillator,hermitian_embedding_198x198,90,-0.004500984691427278,8892.098602882095,-40.02319968623419,-40,0.023199686234192995,False
damped_oscillator,hermitian_embedding_198x198,91,-0.00437271783519916,8892.098602882095,-38.88263815317207,-39,0.11736184682793294,False
damped_oscillator,hermitian_embedding_198x198,92,-0.0035827969335222214,8892.098602882095,-31.8585836069832,-32,0.14141639301680087,False
damped_oscillator,hermitian_embedding_198x198,93,-0.0031970662696124037,8892.098602882095,-28.428628509341927,-28,0.42862850934192664,False
damped_oscillator,hermitian_embedding_198x198,94,-0.0027133610218811736,8892.098602882095,-24.12747375178432,-24,0.12747375178431852,False
damped_oscillator,hermitian_embedding_198x198,95,-0.00207177808131731,8892.098602882095,-18.422454982363398,-18,0.42245498236339785,False
damped_oscillator,hermitian_embedding_198x198,96,-0.001737144701076409,8892.098602882095,-15.446861969445573,-15,0.4468619694455729,False
damped_oscillator,hermitian_embedding_198x198,97,-0.0012410579768479884,8892.098602882095,-11.035609902025678,-11,0.03560990202567815,False
damped_oscillator,hermitian_embedding_198x198,98,-0.00015180971786860094,8892.098602882095,-1.3499069801633115,-1,0.34990698016331145,False
damped_oscillator,hermitian_embedding_198x198,99,0.00015180971786846894,8892.098602882095,1.3499069801621377,1,0.3499069801621377,False
damped_oscillator,hermitian_embedding_198x198,100,0.001241057976847981,8892.098602882095,11.035609902025612,11,0.03560990202561243,False
damped_oscillator,hermitian_embedding_198x198,101,0.001737144701076444,8892.098602882095,15.446861969445882,15,0.44686196944588197,False
damped_oscillator,hermitian_embedding_198x198,102,0.002071778081317289,8892.098602882095,18.422454982363213,18,0.4224549823632131,False
damped_oscillator,hermitian_embedding_198x198,103,0.0027133610218812,8892.098602882095,24.127473751784553,24,0.127473751784553,False
damped_oscillator,hermitian_embedding_198x198,104,0.003197066269612358,8892.098602882095,28.42862850934152,28,0.42862850934152164,False
damped_oscillator,hermitian_embedding_198x198,105,0.0035827969335221776,8892.098602882095,31.858583606982812,32,0.1414163930171881,False
damped_oscillator,hermitian_embedding_198x198,106,0.004372717835199136,8892.098602882095,38.88263815317186,39,0.117361846828139,False
damped_oscillator,hermitian_embedding_198x198,107,0.004500984691427213,8892.098602882095,40.02319968623362,40,0.023199686233617456,False
damped_oscillator,hermitian_embedding_198x198,108,0.005085712984979153,8892.098602882095,45.222661328392455,45,0.222661328392455,False
damped_oscillator,hermitian_embedding_198x198,109,0.005706505135396679,8892.098602882095,50.74280634180031,51,0.2571936581996894,False
damped_oscillator,hermitian_embedding_198x198,110,0.0059195326586630416,8892.098602882095,52.637068083812565,53,0.3629319161874349,False
damped_oscillator,hermitian_embedding_198x198,111,0.006262965118582854,8892.098602882095,55.690903380849896,56,0.3090966191501039,False
damped_oscillator,hermitian_embedding_198x198,112,0.006730822051990746,8892.098602882095,59.85113336475491,60,0.14886663524509203,False
damped_oscillator,hermitian_embedding_198x198,113,0.007112265541793849,8892.098602882095,63.24296648751155,63,0.24296648751155203,False
damped_oscillator,hermitian_embedding_198x198,114,0.007405587808582972,8892.098602882095,65.85121700622132,66,0.14878299377868132,False
damped_oscillator,hermitian_embedding_198x198,115,0.007412028592946257,8892.098602882095,65.90848909585955,66,0.09151090414044916,False
damped_oscillator,hermitian_embedding_198x198,116,0.007625992710227249,8892.098602882095,67.81107912420076,68,0.18892087579924066,False
damped_oscillator,hermitian_embedding_198x198,117,0.0077539332865186675,8892.098602882095,68.94873934389362,69,0.05126065610637909,False
damped_oscillator,hermitian_embedding_198x198,118,0.008971299990625646,8892.098602882095,79.77368411267847,80,0.22631588732153318,False
damped_oscillator,hermitian_embedding_198x198,119,0.010610545923505079,8892.098602882095,94.35002058221582,94,0.35002058221581933,False
damped_oscillator,hermitian_embedding_198x198,120,0.01231983295041859,8892.098602882095,109.54916936615795,110,0.45083063384204536,False
damped_oscillator,hermitian_embedding_198x198,121,0.014096747523949718,8892.098602882095,125.34966896289492,125,0.3496689628949241,False
damped_oscillator,hermitian_embedding_198x198,122,0.015939142995370508,8892.098602882095,141.73243116027203,142,0.2675688397279714,False
damped_oscillator,hermitian_embedding_198x198,123,0.017844958972978414,8892.098602882095,158.67913475210966,159,0.3208652478903389,False
damped_oscillator,hermitian_embedding_198x198,124,0.019812155085982237,8892.098602882095,176.17163656014606,176,0.17163656014605522,False
damped_oscillator,hermitian_embedding_198x198,125,0.021838679881907765,8892.098602882095,194.19169486670137,194,0.19169486670136848,False
damped_oscillator,hermitian_embedding_198x198,126,0.02392245479777441,8892.098602882095,212.7208268847999,213,0.2791731152001091,False
damped_oscillator,hermitian_embedding_198x198,127,0.026061365629640502,8892.098602882095,231.74023290452578,232,0.25976709547421706,False
damped_oscillator,hermitian_embedding_198x198,128,0.028253258083676125,8892.098602882095,251.23075673272373,251,0.23075673272373365,False
damped_oscillator,hermitian_embedding_198x198,129,0.03049593569769589,8892.098602882095,271.1728672110638,271,0.1728672110638172,False
damped_oscillator,hermitian_embedding_198x198,130,0.0327871592121587,8892.098602882095,291.54665262290916,292,0.45334737709083583,False
damped_oscillator,hermitian_embedding_198x198,131,0.03512464686693157,8892.098602882095,312.33182333216917,312,0.33182333216916504,False
damped_oscillator,hermitian_embedding_198x198,132,0.03750607531252033,8892.098602882095,333.50771988605266,334,0.49228011394734494,False
damped_oscillator,hermitian_embedding_198x198,133,0.03992908094362539,8892.098602882095,355.0533248731774,355,0.05332487317741652,False
damped_oscillator,hermitian_embedding_198x198,134,0.04239126153246638,8892.098602882095,376.94727744725384,377,0.052722552746161,False
damped_oscillator,hermitian_embedding_198x198,135,0.044890178081327045,8892.098602882095,399.1678898000967,399,0.1678898000967024,False
damped_oscillator,hermitian_embedding_198x198,136,0.04742335683988875,8892.098602882095,421.6931650999538,422,0.30683490004622627,False
damped_oscillator,hermitian_embedding_198x198,137,0.04998829144957469,8892.098602882095,444.50081655922605,445,0.4991834407739475,False
damped_oscillator,hermitian_embedding_198x198,138,0.05258244518798083,8892.098602882095,467.5682873921687,468,0.43171260783128673,False
damped_oscillator,hermitian_embedding_198x198,139,0.05520325329369612,8892.098602882095,490.8727714874217,491,0.1272285125783128,False
damped_oscillator,hermitian_embedding_198x198,140,0.05784812535670536,8892.098602882095,514.391234663708,514,0.39123466370801907,False
damped_oscillator,hermitian_embedding_198x198,141,0.06051444776293724,8892.098602882095,538.1004364069958,538,0.10043640699575462,False
damped_oscillator,hermitian_embedding_198x198,142,0.06319958618387178,8892.098602882095,561.9769520083329,562,0.02304799166711291,False
damped_oscillator,hermitian_embedding_198x198,143,0.0659008881037889,8892.098602882095,585.9971950363905,586,0.002804963609492006,False
damped_oscillator,hermitian_embedding_198x198,144,0.06861568537843282,8892.098602882095,610.1374400893599,610,0.1374400893598704,False
damped_oscillator,hermitian_embedding_198x198,145,0.07134129681973696,8892.098602882095,634.3738457785798,634,0.3738457785798346,False
damped_oscillator,hermitian_embedding_198x198,146,0.07407503080188695,8892.098602882095,658.6824779019071,659,0.31752209809292253,False
damped_oscillator,hermitian_embedding_198x198,147,0.07681418788446999,8892.098602882095,683.0393327690184,683,0.03933276901841509,False
damped_oscillator,hermitian_embedding_198x198,148,0.07955606344881559,8892.098602882095,707.4203606440125,707,0.42036064401247586,False
damped_oscillator,hermitian_embedding_198x198,149,0.08229795034389817,8892.098602882095,731.801489273037,732,0.19851072696303618,False
damped_oscillator,hermitian_embedding_198x198,150,0.08503714153837617,8892.098602882095,756.1586474664817,756,0.15864746648173877,False
damped_oscillator,hermitian_embedding_198x198,151,0.08777093277550335,8892.098602882095,780.4677887067116,780,0.4677887067116444,False
damped_oscillator,hermitian_embedding_198x198,152,0.09049662522777471,8892.098602882095,804.7049147534401,805,0.29508524655989277,False
damped_oscillator,hermitian_embedding_198x198,153,0.09321152814826593,8892.098602882095,828.8460992197006,829,0.15390078029940923,False
damped_oscillator,hermitian_embedding_198x198,154,0.09591296151571305,8892.098602882095,852.8675110921562,853,0.13248890784382183,False
damped_oscillator,hermitian_embedding_198x198,155,0.0985982586704433,8892.098602882095,876.7454381700563,877,0.25456182994366827,False
damped_oscillator,hermitian_embedding_198x198,156,0.10126476893833054,8892.098602882095,900.4563103977072,900,0.4563103977071705,False
damped_oscillator,hermitian_embedding_198x198,157,0.10390986023999745,8892.098602882095,923.9767230657551,924,0.023276934244904623,False
damped_oscillator,hermitian_embedding_198x198,158,0.1065309216825359,8892.098602882095,947.2834598570195,947,0.28345985701946574,False
damped_oscillator,hermitian_embedding_198x198,159,0.10912536613105973,8892.098602882095,970.3535157129934,970,0.353515712993385,False
damped_oscillator,hermitian_embedding_198x198,160,0.11169063275744319,8892.098602882095,993.1641194974778,993,0.16411949747782728,False
damped_oscillator,hermitian_embedding_198x198,161,0.11422418956364287,8892.098602882095,1015.6927564342084,1016,0.30724356579162304,False
damped_oscillator,hermitian_embedding_198x198,162,0.11672353587703435,8892.098602882095,1037.9171902956352,1038,0.08280970436476309,False
damped_oscillator,hermitian_embedding_198x198,163,0.1191862048152388,8892.098602882095,1059.8154853204042,1060,0.18451467959584988,False
damped_oscillator,hermitian_embedding_198x198,164,0.12160976571795398,8892.098602882095,1081.3660278374375,1081,0.3660278374375139,False
damped_oscillator,hermitian_embedding_198x198,165,0.12399182654334161,8892.098602882095,1102.547547574847,1103,0.45245242515306927,False
damped_oscillator,hermitian_embedding_198x198,166,0.126330036226568,8892.098602882095,1123.3391386323096,1123,0.33913863230964125,False
damped_oscillator,hermitian_embedding_198x198,167,0.12862208699813837,8892.098602882095,1143.7202800959255,1144,0.27971990407445446,False
damped_oscillator,hermitian_embedding_198x198,168,0.13086571665970564,8892.098602882095,1163.6708562749327,1164,0.32914372506729705,False
damped_oscillator,hermitian_embedding_198x198,169,0.133058710815085,8892.098602882095,1183.17117654011,1183,0.171176540110082,False
damped_oscillator,hermitian_embedding_198x198,170,0.13519890505425047,8892.098602882095,1202.2019947440897,1202,0.20199474408968854,False
damped_oscillator,hermitian_embedding_198x198,171,0.13728418708814,8892.098602882095,1220.7445282042538,1221,0.25547179574618895,False
damped_oscillator,hermitian_embedding_198x198,172,0.13931249883214605,8892.098602882095,1238.7804762293395,1239,0.21952377066054396,False
damped_oscillator,hermitian_embedding_198x198,173,0.1412818384362211,8892.098602882095,1256.2920381713357,1256,0.2920381713356619,False
damped_oscillator,hermitian_embedding_198x198,174,0.1431902622595847,8892.098602882095,1273.261930984774,1273,0.26193098477392596,False
damped_oscillator,hermitian_embedding_198x198,175,0.14503588678807022,8892.098602882095,1289.673406275965,1290,0.32659372403509224,False
damped_oscillator,hermitian_embedding_198x198,176,0.14681689049221072,8892.098602882095,1305.5102668252805,1306,0.48973317471950395,False
damped_oscillator,hermitian_embedding_198x198,177,0.14853151562422348,8892.098602882095,1320.7568825661178,1321,0.243117433882162,False
damped_oscillator,hermitian_embedding_198x198,178,0.15017806995211086,8892.098602882095,1335.3982060046947,1335,0.39820600469465717,False
damped_oscillator,hermitian_embedding_198x198,179,0.15175492842916008,8892.098602882095,1349.4197870654068,1349,0.4197870654068083,False
damped_oscillator,hermitian_embedding_198x198,180,0.15326053479719134,8892.098602882095,1362.807787347068,1363,0.1922126529320849,False
damped_oscillator,hermitian_embedding_198x198,181,0.1546934031219632,8892.098602882095,1375.5489937758857,1376,0.4510062241142805,False
damped_oscillator,hermitian_embedding_198x198,182,0.1560521192592194,8892.098602882095,1387.630831641695,1388,0.36916835830493255,False
damped_oscillator,hermitian_embedding_198x198,183,0.1573353422499244,8892.098602882095,1399.041377004529,1399,0.04137700452906756,False
damped_oscillator,hermitian_embedding_198x198,184,0.15854180564330783,8892.098602882095,1409.7693684592623,1410,0.2306315407377042,False
damped_oscillator,hermitian_embedding_198x198,185,0.15967031874641024,8892.098602882095,1419.8042182466934,1420,0.19578175330661907,False
damped_oscillator,hermitian_embedding_198x198,186,0.16071976779889213,8892.098602882095,1429.1360227000634,1429,0.13602270006344952,False
damped_oscillator,hermitian_embedding_198x198,187,0.16168911707194783,8892.098602882095,1437.7555720167068,1438,0.24442798329323523,False
damped_oscillator,hermitian_embedding_198x198,188,0.1625774098902345,8892.098602882095,1445.654359345144,1446,0.34564065485596984,False
damped_oscillator,hermitian_embedding_198x198,189,0.1633837695758082,8892.098602882095,1452.8245891786542,1453,0.1754108213458494,False
damped_oscillator,hermitian_embedding_198x198,190,0.1641074003131322,8892.098602882095,1459.2591850470155,1459,0.259185047015535,False
damped_oscillator,hermitian_embedding_198x198,191,0.16474758793430516,8892.098602882095,1464.9517964988302,1465,0.04820350116983718,False
damped_oscillator,hermitian_embedding_198x198,192,0.16530370062372932,8892.098602882095,1469.8968053675037,1470,0.10319463249629734,False
damped_oscillator,hermitian_embedding_198x198,193,0.16577518954152526,8892.098602882095,1474.0893313147112,1474,0.08933131471121669,False
damped_oscillator,hermitian_embedding_198x198,194,0.166161589365076,8892.098602882095,1477.5252366458608,1478,0.47476335413921333,False
damped_oscillator,hermitian_embedding_198x198,195,0.1664625187481659,8892.098602882095,1480.2011303928005,1480,0.20113039280045086,False
damped_oscillator,hermitian_embedding_198x198,196,0.16667768069725916,8892.098602882095,1482.1143716597262,1482,0.11437165972620278,False
damped_oscillator,hermitian_embedding_198x198,197,0.16680686286454724,8892.098602882095,1483.2630722289857,1483,0.26307222898572036,False
heat_2d,physical_hermitian_400x400,0,-7.955323304900524,44.97941097041009,-357.8257563336017,-358,0.17424366639829714,False
heat_2d,physical_hermitian_400x400,1,-7.888807264022521,44.97941097041009,-354.8339039948254,-355,0.16609600517460876,False
heat_2d,physical_hermitian_400x400,2,-7.888807264022515,44.97941097041009,-354.83390399482516,-355,0.16609600517483614,False
heat_2d,physical_hermitian_400x400,3,-7.822291223144578,44.97941097041009,-351.8420516560518,-352,0.1579483439481919,False
heat_2d,physical_hermitian_400x400,4,-7.779599388255114,44.97941097041009,-349.92179806947775,-350,0.07820193052225477,False
heat_2d,physical_hermitian_400x400,5,-7.779599388255093,44.97941097041009,-349.9217980694768,-350,0.07820193052322111,False
heat_2d,physical_hermitian_400x400,6,-7.713083347377112,44.97941097041009,-346.9299457307015,-347,0.07005426929850955,False
heat_2d,physical_hermitian_400x400,7,-7.713083347377106,44.97941097041009,-346.9299457307012,-347,0.07005426929879377,False
heat_2d,physical_hermitian_400x400,8,-7.630139201082246,44.97941097041009,-343.1991668869149,-343,0.19916688691489526,False
heat_2d,physical_hermitian_400x400,9,-7.630139201082235,44.97941097041009,-343.1991668869144,-343,0.19916688691438367,False
heat_2d,physical_hermitian_400x400,10,-7.6038754716096815,44.97941097041009,-342.0178398053527,-342,0.01783980535270757,False
heat_2d,physical_hermitian_400x400,11,-7.563623160204275,44.97941097041009,-340.20731454814006,-340,0.20731454814006156,False
heat_2d,physical_hermitian_400x400,12,-7.563623160204257,44.97941097041009,-340.2073145481392,-340,0.2073145481392089,False
heat_2d,physical_hermitian_400x400,13,-7.454415284436824,44.97941097041009,-335.29520862279037,-335,0.2952086227903692,False
heat_2d,physical_hermitian_400x400,14,-7.454415284436816,44.97941097041009,-335.29520862279,-335,0.29520862279002813,False
heat_2d,physical_hermitian_400x400,15,-7.443765396109904,44.97941097041009,-334.81618291894483,-335,0.18381708105516736,False
heat_2d,physical_hermitian_400x400,16,-7.443765396109901,44.97941097041009,-334.8161829189447,-335,0.18381708105528105,False
heat_2d,physical_hermitian_400x400,17,-7.37724935523192,44.97941097041009,-331.82433058016943,-332,0.1756694198305695,False
heat_2d,physical_hermitian_400x400,18,-7.377249355231908,44.97941097041009,-331.82433058016886,-332,0.17566941983113793,False
heat_2d,physical_hermitian_400x400,19,-7.3049550972639805,44.97941097041009,-328.5725774402286,-329,0.42742255977140076,False
heat_2d,physical_hermitian_400x400,20,-7.268041479464494,44.97941097041009,-326.9122246548209,-327,0.087775345179125,False
heat_2d,physical_hermitian_400x400,21,-7.268041479464479,44.97941097041009,-326.9122246548202,-327,0.08777534517980712,False
heat_2d,physical_hermitian_400x400,22,-7.224641256167725,44.97941097041009,-324.96010817494795,-325,0.039891825052052354,False
heat_2d,physical_hermitian_400x400,23,-7.224641256167718,44.97941097041009,-324.9601081749476,-325,0.039891825052393415,False
heat_2d,physical_hermitian_400x400,24,-7.158125215289746,44.97941097041009,-321.9682558361727,-322,0.031744163827283955,False
heat_2d,physical_hermitian_400x400,25,-7.158125215289731,44.97941097041009,-321.96825583617203,-322,0.031744163827966076,False
heat_2d,physical_hermitian_400x400,26,-7.118581292291637,44.97941097041009,-320.18959347225854,-320,0.18959347225853662,False
heat_2d,physical_hermitian_400x400,27,-7.11858129229163,44.97941097041009,-320.1895934722582,-320,0.18959347225819556,False
heat_2d,physical_hermitian_400x400,28,-7.048917339522309,44.97941097041009,-317.0561499108237,-317,0.056149910823705795,False
heat_2d,physical_hermitian_400x400,29,-7.048917339522302,44.97941097041009,-317.05614991082336,-317,0.056149910823364735,False
heat_2d,physical_hermitian_400x400,30,-6.977661652450253,44.97941097041009,-313.8511110780307,-314,0.14888892196927372,False
heat_2d,physical_hermitian_400x400,31,-6.977661652450246,44.97941097041009,-313.85111107803044,-314,0.14888892196955794,False
heat_2d,physical_hermitian_400x400,32,-6.932207487319308,44.97941097041009,-311.80660950428904,-312,0.19339049571095757,False
heat_2d,physical_hermitian_400x400,33,-6.91114561157228,44.97941097041009,-310.8592587392558,-311,0.1407412607442211,False
heat_2d,physical_hermitian_400x400,34,-6.911145611572276,44.97941097041009,-310.8592587392556,-311,0.14074126074439164,False
heat_2d,physical_hermitian_400x400,35,-6.8994571523494574,44.97941097041009,-310.3335187282616,-310,0.3335187282615948,False
heat_2d,physical_hermitian_400x400,36,-6.8994571523494495,44.97941097041009,-310.3335187282612,-310,0.3335187282611969,False
heat_2d,physical_hermitian_400x400,37,-6.801937735804846,44.97941097041009,-305.9471528139069,-306,0.05284718609311767,False
heat_2d,physical_hermitian_400x400,38,-6.801937735804826,44.97941097041009,-305.947152813906,-306,0.052847186094027165,False
heat_2d,physical_hermitian_400x400,39,-6.7130833473771165,44.97941097041009,-301.9505347602916,-302,0.04946523970841099,False
heat_2d,physical_hermitian_400x400,40,-6.71308334737711,44.97941097041009,-301.9505347602913,-302,0.04946523970869521,False
heat_2d,physical_hermitian_400x400,41,-6.708343701183047,44.97941097041009,-301.7373482662742,-302,0.26265173372581785,False
heat_2d,physical_hermitian_400x400,42,-6.708343701183042,44.97941097041009,-301.73734826627395,-302,0.2626517337260452,False
heat_2d,physical_hermitian_400x400,43,-6.6524775486319845,44.97941097041009,-299.2245216313443,-299,0.22452163134431657,False
heat_2d,physical_hermitian_400x400,44,-6.652477548631979,44.97941097041009,-299.2245216313441,-299,0.2245216313440892,False
heat_2d,physical_hermitian_400x400,45,-6.641827660305074,44.97941097041009,-298.74549592749923,-299,0.25450407250076523,False
heat_2d,physical_hermitian_400x400,46,-6.641827660305067,44.97941097041009,-298.74549592749895,-299,0.25450407250104945,False
heat_2d,physical_hermitian_400x400,47,-6.5326197845376255,44.97941097041009,-293.8333900021497,-294,0.16660999785028707,False
heat_2d,physical_hermitian_400x400,48,-6.532619784537625,44.97941097041009,-293.83339000214966,-294,0.16660999785034392,False
heat_2d,physical_hermitian_400x400,49,-6.493959207434938,44.97941097041009,-292.0944600162947,-292,0.09446001629470402,False
heat_2d,physical_hermitian_400x400,50,-6.466103743659656,44.97941097041009,-290.8415376633749,-291,0.15846233662512077,False
heat_2d,physical_hermitian_400x400,51,-6.46610374365965,44.97941097041009,-290.84153766337465,-291,0.15846233662534814,False
heat_2d,physical_hermitian_400x400,52,-6.422703520362892,44.97941097041009,-288.8894211835022,-289,0.11057881649782075,False
heat_2d,physical_hermitian_400x400,53,-6.422703520362881,44.97941097041009,-288.8894211835017,-289,0.1105788164982755,False
heat_2d,physical_hermitian_400x400,54,-6.383159597364781,44.97941097041009,-287.1107588195879,-287,0.11075881958788614,False
heat_2d,physical_hermitian_400x400,55,-6.3831595973647755,44.97941097041009,-287.11075881958766,-287,0.11075881958765876,False
heat_2d,physical_hermitian_400x400,56,-6.356187479484911,44.97941097041009,-285.8975688447269,-286,0.1024311552731092,False
heat_2d,physical_hermitian_400x400,57,-6.356187479484908,44.97941097041009,-285.8975688447268,-286,0.10243115527322288,False
heat_2d,physical_hermitian_400x400,58,-6.246979603717476,44.97941097041009,-280.98546291937794,-281,0.014537080622062604,False
heat_2d,physical_hermitian_400x400,59,-6.246979603717467,44.97941097041009,-280.98546291937754,-281,0.014537080622460508,False
heat_2d,physical_hermitian_400x400,60,-6.246979603717464,44.97941097041009,-280.9854629193774,-281,0.014537080622574194,False
heat_2d,physical_hermitian_400x400,61,-6.246979603717459,44.97941097041009,-280.98546291937714,-281,0.014537080622858412,False
heat_2d,physical_hermitian_400x400,62,-6.196785792392453,44.97941097041009,-278.7277748516185,-279,0.27222514838149436,False
heat_2d,physical_hermitian_400x400,63,-6.196785792392452,44.97941097041009,-278.72777485161845,-279,0.2722251483815512,False
heat_2d,physical_hermitian_400x400,64,-6.127121839623102,44.97941097041009,-275.59433129018265,-276,0.40566870981734837,False
heat_2d,physical_hermitian_400x400,65,-6.127121839623098,44.97941097041009,-275.5943312901824,-276,0.40566870981757575,False
heat_2d,physical_hermitian_400x400,66,-6.097519416544624,44.97941097041009,-274.2628317368158,-274,0.2628317368158264,False
heat_2d,physical_hermitian_400x400,67,-6.097519416544606,44.97941097041009,-274.26283173681503,-274,0.2628317368150306,False
heat_2d,physical_hermitian_400x400,68,-6.060605798745134,44.97941097041009,-272.6024789514079,-273,0.3975210485921252,False
heat_2d,physical_hermitian_400x400,69,-6.060605798745126,44.97941097041009,-272.60247895140753,-273,0.3975210485924663,False
heat_2d,physical_hermitian_400x400,70,-5.999999999999998,44.97941097041009,-269.8764658224605,-270,0.12353417753951135,False
heat_2d,physical_hermitian_400x400,71,-5.97766165245027,44.97941097041009,-268.8717001076214,-269,0.12829989237860673,False
heat_2d,physical_hermitian_400x400,72,-5.977661652450254,44.97941097041009,-268.8717001076207,-269,0.12829989237928885,False
heat_2d,physical_hermitian_400x400,73,-5.951397922977686,44.97941097041009,-267.6903730260584,-268,0.3096269739415902,False
heat_2d,physical_hermitian_400x400,74,-5.951397922977684,44.97941097041009,-267.6903730260583,-268,0.3096269739417039,False
heat_2d,physical_hermitian_400x400,75,-5.911145611572277,44.97941097041009,-265.87984776884554,-266,0.1201522311544636,False
heat_2d,physical_hermitian_400x400,76,-5.911145611572277,44.97941097041009,-265.87984776884554,-266,0.1201522311544636,False
heat_2d,physical_hermitian_400x400,77,-5.828201465277413,44.97941097041009,-262.14906892505905,-262,0.1490689250590549,False
heat_2d,physical_hermitian_400x400,78,-5.82820146527741,44.97941097041009,-262.14906892505894,-262,0.1490689250589412,False
heat_2d,physical_hermitian_400x400,79,-5.801937735804843,44.97941097041009,-260.9677418434967,-261,0.032258156503303326,False
heat_2d,physical_hermitian_400x400,80,-5.801937735804837,44.97941097041009,-260.9677418434964,-261,0.03225815650358754,False
heat_2d,physical_hermitian_400x400,81,-5.761685424399432,44.97941097041009,-259.15721658628377,-259,0.15721658628376645,False
heat_2d,physical_hermitian_400x400,82,-5.761685424399432,44.97941097041009,-259.15721658628377,-259,0.15721658628376645,False
heat_2d,physical_hermitian_400x400,83,-5.730682048732796,44.97941097041009,-257.7627030107041,-258,0.23729698929588494,False
heat_2d,physical_hermitian_400x400,84,-5.730682048732788,44.97941097041009,-257.7627030107038,-258,0.237296989296226,False
heat_2d,physical_hermitian_400x400,85,-5.692021471630102,44.97941097041009,-256.0237730248488,-256,0.023773024848821933,False
heat_2d,physical_hermitian_400x400,86,-5.692021471630093,44.97941097041009,-256.0237730248484,-256,0.02377302484842403,False
heat_2d,physical_hermitian_400x400,87,-5.652477548631995,44.97941097041009,-254.24511066093473,-254,0.24511066093472778,False
heat_2d,physical_hermitian_400x400,88,-5.652477548631975,44.97941097041009,-254.2451106609338,-254,0.24511066093378986,False
heat_2d,physical_hermitian_400x400,89,-5.615563930832501,44.97941097041009,-252.5847578755266,-253,0.41524212447339437,False
heat_2d,physical_hermitian_400x400,90,-5.615563930832498,44.97941097041009,-252.5847578755265,-253,0.41524212447350806,False
heat_2d,physical_hermitian_400x400,91,-5.532619784537633,44.97941097041009,-248.85397903173993,-249,0.14602096826007482,False
heat_2d,physical_hermitian_400x400,92,-5.532619784537628,44.97941097041009,-248.85397903173973,-249,0.14602096826027378,False
heat_2d,physical_hermitian_400x400,93,-5.503017361459149,44.97941097041009,-247.52247947837284,-248,0.47752052162715586,False
heat_2d,physical_hermitian_400x400,94,-5.503017361459135,44.97941097041009,-247.52247947837225,-248,0.4775205216277527,False
heat_2d,physical_hermitian_400x400,95,-5.4661037436596525,44.97941097041009,-245.86212669296467,-246,0.13787330703533485,False
heat_2d,physical_hermitian_400x400,96,-5.466103743659645,44.97941097041009,-245.86212669296432,-246,0.1378733070356759,False
heat_2d,physical_hermitian_400x400,97,-5.461364097465578,44.97941097041009,-245.64894019894706,-246,0.35105980105294066,False
heat_2d,physical_hermitian_400x400,98,-5.445041867912631,44.97941097041009,-244.9147759279317,-245,0.08522407206831417,False
heat_2d,physical_hermitian_400x400,99,-5.4450418679126305,44.97941097041009,-244.91477592793163,-245,0.08522407206837102,False
heat_2d,physical_hermitian_400x400,100,-5.396439790890325,44.97941097041009,-242.72868313152983,-243,0.2713168684701657,False
heat_2d,physical_hermitian_400x400,101,-5.3964397908903186,44.97941097041009,-242.72868313152955,-243,0.2713168684704499,False
heat_2d,physical_hermitian_400x400,102,-5.356895867892212,44.97941097041009,-240.95002076761546,-241,0.04997923238454405,False
heat_2d,physical_hermitian_400x400,103,-5.356895867892204,44.97941097041009,-240.95002076761511,-241,0.04997923238488511,False
heat_2d,physical_hermitian_400x400,104,-5.316643556486802,44.97941097041009,-239.1394955104026,-239,0.139495510402611,False
heat_2d,physical_hermitian_400x400,105,-5.316643556486801,44.97941097041009,-239.13949551040253,-239,0.13949551040252572,False
heat_2d,physical_hermitian_400x400,106,-5.246979603717462,44.97941097041009,-236.00605194896724,-236,0.0060519489672401505,False
heat_2d,physical_hermitian_400x400,107,-5.2469796037174605,44.97941097041009,-236.00605194896715,-236,0.006051948967154885,False
heat_2d,physical_hermitian_400x400,108,-5.207435680719363,44.97941097041009,-234.22738958505346,-234,0.22738958505345863,False
heat_2d,physical_hermitian_400x400,109,-5.207435680719363,44.97941097041009,-234.22738958505346,-234,0.22738958505345863,False
heat_2d,physical_hermitian_400x400,110,-5.180463562839489,44.97941097041009,-233.0141996101923,-233,0.014199610192292766,False
heat_2d,physical_hermitian_400x400,111,-5.180463562839483,44.97941097041009,-233.014199610192,-233,0.01419961019200855,False
heat_2d,physical_hermitian_400x400,112,-5.175723916645416,44.97941097041009,-232.80101311617472,-233,0.19898688382528462,False
heat_2d,physical_hermitian_400x400,113,-5.175723916645414,44.97941097041009,-232.80101311617463,-233,0.1989868838253699,False
heat_2d,physical_hermitian_400x400,114,-5.1494601871728465,44.97941097041009,-231.61968603461236,-232,0.38031396538764284,False
heat_2d,physical_hermitian_400x400,115,-5.149460187172846,44.97941097041009,-231.6196860346123,-232,0.3803139653876997,False
heat_2d,physical_hermitian_400x400,116,-5.097519416544614,44.97941097041009,-229.28342076640527,-229,0.28342076640527125,False
heat_2d,physical_hermitian_400x400,117,-5.097519416544612,44.97941097041009,-229.2834207664052,-229,0.283420766405186,False
heat_2d,physical_hermitian_400x400,118,-5.071255687072053,44.97941097041009,-228.10209368484328,-228,0.10209368484328252,False
heat_2d,physical_hermitian_400x400,119,-5.071255687072052,44.97941097041009,-228.10209368484325,-228,0.1020936848432541,False
heat_2d,physical_hermitian_400x400,120,-5.0210618757470264,44.97941097041009,-225.84440561708368,-226,0.15559438291631977,False
heat_2d,physical_hermitian_400x400,121,-5.021061875747019,44.97941097041009,-225.84440561708337,-226,0.1555943829166324,False
heat_2d,physical_hermitian_400x400,122,-4.977661652450255,44.97941097041009,-223.89228913721064,-224,0.10771086278936082,False
heat_2d,physical_hermitian_400x400,123,-4.9776616524502515,44.97941097041009,-223.89228913721047,-224,0.10771086278953135,False
heat_2d,physical_hermitian_400x400,124,-4.921795499899202,44.97941097041009,-221.3794625022812,-221,0.37946250228119993,False
heat_2d,physical_hermitian_400x400,125,-4.9217954998991935,44.97941097041009,-221.3794625022808,-221,0.379462502280802,False
heat_2d,physical_hermitian_400x400,126,-4.911145611572283,44.97941097041009,-220.90043679843572,-221,0.09956320156427978,False
heat_2d,physical_hermitian_400x400,127,-4.911145611572281,44.97941097041009,-220.90043679843563,-221,0.09956320156436504,False
heat_2d,physical_hermitian_400x400,128,-4.890083735825256,44.97941097041009,-219.95308603340249,-220,0.0469139665975149,False
heat_2d,physical_hermitian_400x400,129,-4.880142235905637,44.97941097041009,-219.50592322285564,-220,0.4940767771443575,False
heat_2d,physical_hermitian_400x400,130,-4.880142235905634,44.97941097041009,-219.5059232228555,-220,0.4940767771444996,False
heat_2d,physical_hermitian_400x400,131,-4.850539812827152,44.97941097041009,-218.1744236694885,-218,0.17442366948850463,False
heat_2d,physical_hermitian_400x400,132,-4.850539812827148,44.97941097041009,-218.17442366948836,-218,0.17442366948836252,False
heat_2d,physical_hermitian_400x400,133,-4.801937735804838,44.97941097041009,-215.98833087308634,-216,0.011669126913659511,False
heat_2d,physical_hermitian_400x400,134,-4.801937735804837,44.97941097041009,-215.98833087308628,-216,0.011669126913716354,False
heat_2d,physical_hermitian_400x400,135,-4.801937735804836,44.97941097041009,-215.98833087308626,-216,0.011669126913744776,False
heat_2d,physical_hermitian_400x400,136,-4.801937735804836,44.97941097041009,-215.98833087308626,-216,0.011669126913744776,False
heat_2d,physical_hermitian_400x400,137,-4.735421694926865,44.97941097041009,-212.9964785343114,-213,0.003521465688606895,False
heat_2d,physical_hermitian_400x400,138,-4.735421694926863,44.97941097041009,-212.9964785343113,-213,0.0035214656886921603,False
heat_2d,physical_hermitian_400x400,139,-4.730682048732791,44.97941097041009,-212.7832920402938,-213,0.2167079597062127,False
heat_2d,physical_hermitian_400x400,140,-4.73068204873279,44.97941097041009,-212.78329204029376,-213,0.21670795970624113,False
heat_2d,physical_hermitian_400x400,141,-4.664166007854818,44.97941097041009,-209.79143970151884,-210,0.2085602984811601,False
heat_2d,physical_hermitian_400x400,142,-4.664166007854816,44.97941097041009,-209.79143970151875,-210,0.20856029848124535,False
heat_2d,physical_hermitian_400x400,143,-4.652477548631988,44.97941097041009,-209.26569969052431,-209,0.26569969052431475,False
heat_2d,physical_hermitian_400x400,144,-4.652477548631987,44.97941097041009,-209.26569969052426,-209,0.2656996905242579,False
heat_2d,physical_hermitian_400x400,145,-4.594502055085476,44.97941097041009,-206.65799614008338,-207,0.3420038599166162,False
heat_2d,physical_hermitian_400x400,146,-4.594502055085475,44.97941097041009,-206.65799614008333,-207,0.34200385991667304,False
heat_2d,physical_hermitian_400x400,147,-4.581221861559946,44.97941097041009,-206.060660857732,-206,0.060660857731988926,False
heat_2d,physical_hermitian_400x400,148,-4.581221861559943,44.97941097041009,-206.06066085773185,-206,0.06066085773184682,False
heat_2d,physical_hermitian_400x400,149,-4.554958132087372,44.97941097041009,-204.8793337761694,-205,0.12066622383059666,False
heat_2d,physical_hermitian_400x400,150,-4.554958132087371,44.97941097041009,-204.87933377616937,-205,0.12066622383062509,False
heat_2d,physical_hermitian_400x400,151,-4.55495813208737,44.97941097041009,-204.87933377616935,-205,0.12066622383065351,False
heat_2d,physical_hermitian_400x400,152,-4.554958132087369,44.97941097041009,-204.87933377616926,-205,0.12066622383073877,False
heat_2d,physical_hermitian_400x400,153,-4.5162975549846776,44.97941097041009,-203.14040379031408,-203,0.1404037903140818,False
heat_2d,physical_hermitian_400x400,154,-4.516297554984673,44.97941097041009,-203.14040379031388,-203,0.14040379031388284,False
heat_2d,physical_hermitian_400x400,155,-4.511557908790602,44.97941097041009,-202.92721729629642,-203,0.07278270370358086,False
heat_2d,physical_hermitian_400x400,156,-4.5115579087906,44.97941097041009,-202.92721729629633,-203,0.07278270370366613,False
heat_2d,physical_hermitian_400x400,157,-4.4661037436596525,44.97941097041009,-200.88271572255456,-201,0.11728427744543524,False
heat_2d,physical_hermitian_400x400,158,-4.4661037436596525,44.97941097041009,-200.88271572255456,-201,0.11728427744543524,False
heat_2d,physical_hermitian_400x400,159,-4.44504186791263,44.97941097041009,-199.9353649575215,-200,0.06463504247849983,False
heat_2d,physical_hermitian_400x400,160,-4.44504186791263,44.97941097041009,-199.9353649575215,-200,0.06463504247849983,False
heat_2d,physical_hermitian_400x400,161,-4.405497944914527,44.97941097041009,-198.15670259360758,-198,0.15670259360757655,False
heat_2d,physical_hermitian_400x400,162,-4.405497944914522,44.97941097041009,-198.15670259360738,-198,0.1567025936073776,False
heat_2d,physical_hermitian_400x400,163,-4.335833992145185,44.97941097041009,-195.02325903217212,-195,0.023259032172120442,False
heat_2d,physical_hermitian_400x400,164,-4.335833992145181,44.97941097041009,-195.02325903217195,-195,0.02325903217194991,False
heat_2d,physical_hermitian_400x400,165,-4.32518410381827,44.97941097041009,-194.54423332832684,-195,0.4557666716731603,False
heat_2d,physical_hermitian_400x400,166,-4.3251841038182635,44.97941097041009,-194.54423332832656,-195,0.45576667167344453,False
heat_2d,physical_hermitian_400x400,167,-4.298920374345699,44.97941097041009,-193.3629062467644,-193,0.3629062467643962,False
heat_2d,physical_hermitian_400x400,168,-4.295581680739783,44.97941097041009,-193.21273377495962,-193,0.21273377495961654,False
heat_2d,physical_hermitian_400x400,169,-4.295581680739781,44.97941097041009,-193.21273377495956,-193,0.2127337749595597,False
heat_2d,physical_hermitian_400x400,170,-4.285640180820163,44.97941097041009,-192.76557096441275,-193,0.23442903558725448,False
heat_2d,physical_hermitian_400x400,171,-4.28564018082016,44.97941097041009,-192.76557096441257,-193,0.234429035587425,False
heat_2d,physical_hermitian_400x400,172,-4.26931795126721,44.97941097041009,-192.0314066933971,-192,0.03140669339708779,False
heat_2d,physical_hermitian_400x400,173,-4.269317951267208,44.97941097041009,-192.031406693397,-192,0.03140669339700253,False
heat_2d,physical_hermitian_400x400,174,-4.258668062940293,44.97941097041009,-191.55238098955172,-192,0.44761901044827823,False
heat_2d,physical_hermitian_400x400,175,-4.258668062940292,44.97941097041009,-191.5523809895517,-192,0.44761901044830665,False
heat_2d,physical_hermitian_400x400,176,-4.24697960371747,44.97941097041009,-191.02664097855748,-191,0.02664097855748082,False
heat_2d,physical_hermitian_400x400,177,-4.246979603717464,44.97941097041009,-191.02664097855723,-191,0.026640978557225026,False
heat_2d,physical_hermitian_400x400,178,-4.2191241399421875,44.97941097041009,-189.77371862563768,-190,0.22628137436231555,False
heat_2d,physical_hermitian_400x400,179,-4.219124139942187,44.97941097041009,-189.77371862563763,-190,0.2262813743623724,False
heat_2d,physical_hermitian_400x400,180,-4.186373804972338,44.97941097041009,-188.30062784961024,-188,0.3006278496102368,False
heat_2d,physical_hermitian_400x400,181,-4.186373804972338,44.97941097041009,-188.30062784961024,-188,0.3006278496102368,False
heat_2d,physical_hermitian_400x400,182,-4.175723916645423,44.97941097041009,-187.82160214576496,-188,0.17839785423504395,False
heat_2d,physical_hermitian_400x400,183,-4.175723916645419,44.97941097041009,-187.82160214576476,-188,0.1783978542352429,False
heat_2d,physical_hermitian_400x400,184,-4.149460187172849,44.97941097041009,-186.64027506420237,-187,0.35972493579762954,False
heat_2d,physical_hermitian_400x400,185,-4.149460187172849,44.97941097041009,-186.64027506420237,-187,0.35972493579762954,False
heat_2d,physical_hermitian_400x400,186,-4.109207875767444,44.97941097041009,-184.82974980698972,-185,0.17025019301027555,False
heat_2d,physical_hermitian_400x400,187,-4.109207875767441,44.97941097041009,-184.8297498069896,-185,0.17025019301038924,False
heat_2d,physical_hermitian_400x400,188,-4.0665160408779775,44.97941097041009,-182.90949622041552,-183,0.09050377958448053,False
heat_2d,physical_hermitian_400x400,189,-4.066516040877974,44.97941097041009,-182.90949622041535,-183,0.09050377958465106,False
heat_2d,physical_hermitian_400x400,190,-4.000000000000005,44.97941097041009,-179.9176438816406,-180,0.08235611835939949,False
heat_2d,physical_hermitian_400x400,191,-4.000000000000003,44.97941097041009,-179.9176438816405,-180,0.08235611835951318,False
heat_2d,physical_hermitian_400x400,192,-4.000000000000003,44.97941097041009,-179.9176438816405,-180,0.08235611835951318,False
heat_2d,physical_hermitian_400x400,193,-4.000000000000002,44.97941097041009,-179.91764388164046,-180,0.0823561183595416,False
heat_2d,physical_hermitian_400x400,194,-4.000000000000001,44.97941097041009,-179.9176438816404,-180,0.08235611835959844,False
heat_2d,physical_hermitian_400x400,195,-4.000000000000001,44.97941097041009,-179.9176438816404,-180,0.08235611835959844,False
heat_2d,physical_hermitian_400x400,196,-4.000000000000001,44.97941097041009,-179.9176438816404,-180,0.08235611835959844,False
heat_2d,physical_hermitian_400x400,197,-4.0,44.97941097041009,-179.91764388164037,-180,0.08235611835962686,False
heat_2d,physical_hermitian_400x400,198,-3.9999999999999996,44.97941097041009,-179.91764388164034,-180,0.08235611835965528,False
heat_2d,physical_hermitian_400x400,199,-3.999999999999999,44.97941097041009,-179.91764388164034,-180,0.08235611835965528,False
heat_2d,physical_hermitian_400x400,200,-3.9999999999999987,44.97941097041009,-179.91764388164032,-180,0.0823561183596837,False
heat_2d,physical_hermitian_400x400,201,-3.9999999999999982,44.97941097041009,-179.9176438816403,-180,0.08235611835971213,False
heat_2d,physical_hermitian_400x400,202,-3.999999999999998,44.97941097041009,-179.91764388164026,-180,0.08235611835974055,False
heat_2d,physical_hermitian_400x400,203,-3.999999999999998,44.97941097041009,-179.91764388164026,-180,0.08235611835974055,False
heat_2d,physical_hermitian_400x400,204,-3.9999999999999973,44.97941097041009,-179.91764388164026,-180,0.08235611835974055,False
heat_2d,physical_hermitian_400x400,205,-3.9999999999999973,44.97941097041009,-179.91764388164026,-180,0.08235611835974055,False
heat_2d,physical_hermitian_400x400,206,-3.999999999999997,44.97941097041009,-179.91764388164023,-180,0.08235611835976897,False
heat_2d,physical_hermitian_400x400,207,-3.999999999999996,44.97941097041009,-179.9176438816402,-180,0.08235611835979739,False
heat_2d,physical_hermitian_400x400,208,-3.9999999999999933,44.97941097041009,-179.91764388164006,-180,0.0823561183599395,False
heat_2d,physical_hermitian_400x400,209,-3.9999999999999933,44.97941097041009,-179.91764388164006,-180,0.0823561183599395,False
heat_2d,physical_hermitian_400x400,210,-3.933483959122024,44.97941097041009,-176.92579154286528,-177,0.07420845713471635,False
heat_2d,physical_hermitian_400x400,211,-3.9334839591220234,44.97941097041009,-176.92579154286526,-177,0.07420845713474478,False
heat_2d,physical_hermitian_400x400,212,-3.890792124232558,44.97941097041009,-175.0055379562911,-175,0.005537956291107093,False
heat_2d,physical_hermitian_400x400,213,-3.890792124232557,44.97941097041009,-175.00553795629105,-175,0.00553795629105025,False
heat_2d,physical_hermitian_400x400,214,-3.8505398128271504,44.97941097041009,-173.19501269907835,-173,0.1950126990783474,False
heat_2d,physical_hermitian_400x400,215,-3.850539812827148,44.97941097041009,-173.19501269907826,-173,0.19501269907826213,False
heat_2d,physical_hermitian_400x400,216,-3.8242760833545804,44.97941097041009,-172.01368561751596,-172,0.013685617515960757,False
heat_2d,physical_hermitian_400x400,217,-3.82427608335458,44.97941097041009,-172.01368561751593,-172,0.013685617515932336,False
heat_2d,physical_hermitian_400x400,218,-3.813626195027663,44.97941097041009,-171.53465991367057,-172,0.4653400863294337,False
heat_2d,physical_hermitian_400x400,219,-3.8136261950276626,44.97941097041009,-171.53465991367054,-172,0.4653400863294621,False
heat_2d,physical_hermitian_400x400,220,-3.780875860057814,44.97941097041009,-170.06156913764312,-170,0.061569137643118665,False
heat_2d,physical_hermitian_400x400,221,-3.780875860057812,44.97941097041009,-170.06156913764306,-170,0.06156913764306182,False
heat_2d,physical_hermitian_400x400,222,-3.7530203962825337,44.97941097041009,-168.80864678472344,-169,0.19135321527656401,False
heat_2d,physical_hermitian_400x400,223,-3.753020396282533,44.97941097041009,-168.80864678472338,-169,0.19135321527662086,False
heat_2d,physical_hermitian_400x400,224,-3.741331937059709,44.97941097041009,-168.28290677372914,-168,0.2829067737291382,False
heat_2d,physical_hermitian_400x400,225,-3.741331937059707,44.97941097041009,-168.28290677372902,-168,0.2829067737290245,False
heat_2d,physical_hermitian_400x400,226,-3.7306820487327896,44.97941097041009,-167.80388106988363,-168,0.19611893011636994,False
heat_2d,physical_hermitian_400x400,227,-3.7306820487327865,44.97941097041009,-167.8038810698835,-168,0.19611893011651205,False
heat_2d,physical_hermitian_400x400,228,-3.7143598191798386,44.97941097041009,-167.0697167988681,-167,0.06971679886808602,False
heat_2d,physical_hermitian_400x400,229,-3.7143598191798377,44.97941097041009,-167.06971679886803,-167,0.06971679886802917,False
heat_2d,physical_hermitian_400x400,230,-3.7044183192602205,44.97941097041009,-166.62255398832127,-167,0.37744601167872815,False
heat_2d,physical_hermitian_400x400,231,-3.7044183192602196,44.97941097041009,-166.62255398832124,-167,0.3774460116787566,False
heat_2d,physical_hermitian_400x400,232,-3.701079625654304,44.97941097041009,-166.4723815165165,-166,0.4723815165164922,False
heat_2d,physical_hermitian_400x400,233,-3.6748158961817325,44.97941097041009,-165.29105443495402,-165,0.2910544349540203,False
heat_2d,physical_hermitian_400x400,234,-3.674815896181732,44.97941097041009,-165.291054434954,-165,0.29105443495399186,False
heat_2d,physical_hermitian_400x400,235,-3.6641660078548144,44.97941097041009,-164.8120287311086,-165,0.1879712688914026,False
heat_2d,physical_hermitian_400x400,236,-3.6641660078548135,44.97941097041009,-164.81202873110854,-165,0.18797126889145943,False
heat_2d,physical_hermitian_400x400,237,-3.5945020550854774,44.97941097041009,-161.67858516967334,-162,0.32141483032665974,False
heat_2d,physical_hermitian_400x400,238,-3.5945020550854765,44.97941097041009,-161.6785851696733,-162,0.32141483032668816,False
heat_2d,physical_hermitian_400x400,239,-3.554958132087372,44.97941097041009,-159.89992280575933,-160,0.10007719424066863,False
heat_2d,physical_hermitian_400x400,240,-3.55495813208737,44.97941097041009,-159.89992280575922,-160,0.10007719424078232,False
heat_2d,physical_hermitian_400x400,241,-3.533896256340349,44.97941097041009,-158.95257204072624,-159,0.047427959273761644,False
heat_2d,physical_hermitian_400x400,242,-3.533896256340345,44.97941097041009,-158.95257204072607,-159,0.047427959273932174,False
heat_2d,physical_hermitian_400x400,243,-3.4884420912093956,44.97941097041009,-156.9080704669842,-157,0.09192953301578655,False
heat_2d,physical_hermitian_400x400,244,-3.4884420912093947,44.97941097041009,-156.90807046698419,-157,0.09192953301581497,False
heat_2d,physical_hermitian_400x400,245,-3.4837024450153242,44.97941097041009,-156.69488397296675,-157,0.30511602703325025,False
heat_2d,physical_hermitian_400x400,246,-3.483702445015322,44.97941097041009,-156.69488397296664,-157,0.30511602703336393,False
heat_2d,physical_hermitian_400x400,247,-3.4450418679126305,44.97941097041009,-154.95595398711146,-155,0.04404601288854337,False
heat_2d,physical_hermitian_400x400,248,-3.445041867912629,44.97941097041009,-154.9559539871114,-155,0.04404601288860022,False
heat_2d,physical_hermitian_400x400,249,-3.4450418679126287,44.97941097041009,-154.95595398711137,-155,0.04404601288862864,False
heat_2d,physical_hermitian_400x400,250,-3.445041867912626,44.97941097041009,-154.95595398711126,-155,0.044046012888742325,False
heat_2d,physical_hermitian_400x400,251,-3.418778138440058,44.97941097041009,-153.77462690554896,-154,0.2253730944510437,False
heat_2d,physical_hermitian_400x400,252,-3.418778138440056,44.97941097041009,-153.77462690554884,-154,0.22537309445115739,False
heat_2d,physical_hermitian_400x400,253,-3.4054979449145226,44.97941097041009,-153.1772916231973,-153,0.17729162319730563,False
heat_2d,physical_hermitian_400x400,254,-3.4054979449145217,44.97941097041009,-153.17729162319728,-153,0.1772916231972772,False
heat_2d,physical_hermitian_400x400,255,-3.34752245136801,44.97941097041009,-150.56958807275637,-151,0.4304119272436253,False
heat_2d,physical_hermitian_400x400,256,-3.3475224513680093,44.97941097041009,-150.56958807275632,-151,0.43041192724368216,False
heat_2d,physical_hermitian_400x400,257,-3.335833992145191,44.97941097041009,-150.0438480617623,-150,0.04384806176230427,False
heat_2d,physical_hermitian_400x400,258,-3.3358339921451887,44.97941097041009,-150.0438480617622,-150,0.04384806176219058,False
heat_2d,physical_hermitian_400x400,259,-3.269317951267212,44.97941097041009,-147.0519957229871,-147,0.05199572298710109,False
heat_2d,physical_hermitian_400x400,260,-3.269317951267211,44.97941097041009,-147.05199572298704,-147,0.051995722987044246,False
heat_2d,physical_hermitian_400x400,261,-3.264578305073139,44.97941097041009,-146.83880922896952,-147,0.1611907710304763,False
heat_2d,physical_hermitian_400x400,262,-3.2645783050731345,44.97941097041009,-146.83880922896932,-147,0.16119077103067525,False
heat_2d,physical_hermitian_400x400,263,-3.198062264195163,44.97941097041009,-143.84695689019446,-144,0.15304310980553737,False
heat_2d,physical_hermitian_400x400,264,-3.1980622641951615,44.97941097041009,-143.84695689019438,-144,0.15304310980562263,False
heat_2d,physical_hermitian_400x400,265,-3.198062264195161,44.97941097041009,-143.84695689019438,-144,0.15304310980562263,False
heat_2d,physical_hermitian_400x400,266,-3.19806226419516,44.97941097041009,-143.84695689019432,-144,0.15304310980567948,False
heat_2d,physical_hermitian_400x400,267,-3.1494601871728523,44.97941097041009,-141.6608640937924,-142,0.3391359062075878,False
heat_2d,physical_hermitian_400x400,268,-3.1494601871728456,44.97941097041009,-141.66086409379213,-142,0.33913590620787204,False
heat_2d,physical_hermitian_400x400,269,-3.119857764094362,44.97941097041009,-140.32936454042505,-140,0.3293645404250469,False
heat_2d,physical_hermitian_400x400,270,-3.1198577640943568,44.97941097041009,-140.32936454042482,-140,0.32936454042481955,False
heat_2d,physical_hermitian_400x400,271,-3.1099162641747435,44.97941097041009,-139.88220172987823,-140,0.11779827012176725,False
heat_2d,physical_hermitian_400x400,272,-3.0888543884277215,44.97941097041009,-138.93485096484523,-139,0.06514903515477499,False
heat_2d,physical_hermitian_400x400,273,-3.088854388427717,44.97941097041009,-138.93485096484503,-139,0.06514903515497394,False
heat_2d,physical_hermitian_400x400,274,-3.078204500100801,44.97941097041009,-138.4558252609997,-138,0.45582526099968845,False
heat_2d,physical_hermitian_400x400,275,-3.078204500100799,44.97941097041009,-138.4558252609996,-138,0.4558252609996032,False
heat_2d,physical_hermitian_400x400,276,-3.022338347549744,44.97941097041009,-135.94299862607008,-136,0.05700137392992133,False
heat_2d,physical_hermitian_400x400,277,-3.0223383475497405,44.97941097041009,-135.9429986260699,-136,0.05700137393009186,False
heat_2d,physical_hermitian_400x400,278,-2.9789381242529784,44.97941097041009,-133.9908821461973,-134,0.009117853802706577,False
heat_2d,physical_hermitian_400x400,279,-2.9789381242529758,44.97941097041009,-133.99088214619715,-134,0.009117853802848686,False
heat_2d,physical_hermitian_400x400,280,-2.9287443129279542,44.97941097041009,-131.7331940784378,-132,0.2668059215621952,False
heat_2d,physical_hermitian_400x400,281,-2.9287443129279502,44.97941097041009,-131.7331940784376,-132,0.26680592156239413,False
heat_2d,physical_hermitian_400x400,282,-2.9024805834553784,44.97941097041009,-130.55186699687513,-131,0.44813300312486604,False
heat_2d,physical_hermitian_400x400,283,-2.902480583455377,44.97941097041009,-130.55186699687508,-131,0.4481330031249229,False
heat_2d,physical_hermitian_400x400,284,-2.850539812827156,44.97941097041009,-128.21560172866853,-128,0.21560172866853122,False
heat_2d,physical_hermitian_400x400,285,-2.8505398128271473,44.97941097041009,-128.21560172866813,-128,0.21560172866813332,False
heat_2d,physical_hermitian_400x400,286,-2.8242760833545835,44.97941097041009,-127.034274647106,-127,0.034274647106002476,False
heat_2d,physical_hermitian_400x400,287,-2.824276083354581,44.97941097041009,-127.03427464710589,-127,0.03427464710588879,False
heat_2d,physical_hermitian_400x400,288,-2.819536437160513,44.97941097041009,-126.82108815308857,-127,0.1789118469114328,False
heat_2d,physical_hermitian_400x400,289,-2.819536437160502,44.97941097041009,-126.82108815308807,-127,0.17891184691193018,False
heat_2d,physical_hermitian_400x400,290,-2.7925643192806433,44.97941097041009,-125.60789817822756,-126,0.39210182177244235,False
heat_2d,physical_hermitian_400x400,291,-2.7925643192806344,44.97941097041009,-125.60789817822716,-126,0.39210182177284025,False
heat_2d,physical_hermitian_400x400,292,-2.753020396282536,44.97941097041009,-123.82923581431344,-124,0.17076418568656493,False
heat_2d,physical_hermitian_400x400,293,-2.7530203962825337,44.97941097041009,-123.82923581431334,-124,0.1707641856866644,False
heat_2d,physical_hermitian_400x400,294,-2.6833564435131994,44.97941097041009,-120.6957922528782,-121,0.30420774712179366,False
heat_2d,physical_hermitian_400x400,295,-2.683356443513197,44.97941097041009,-120.6957922528781,-121,0.30420774712189314,False
heat_2d,physical_hermitian_400x400,296,-2.64310413210779,44.97941097041009,-118.88526699566539,-119,0.1147330043346102,False
heat_2d,physical_hermitian_400x400,297,-2.643104132107788,44.97941097041009,-118.88526699566529,-119,0.11473300433470968,False
heat_2d,physical_hermitian_400x400,298,-2.6035602091096894,44.97941097041009,-117.10660463175157,-117,0.10660463175156565,False
heat_2d,physical_hermitian_400x400,299,-2.603560209109681,44.97941097041009,-117.10660463175118,-117,0.10660463175118196,False
heat_2d,physical_hermitian_400x400,300,-2.55495813208737,44.97941097041009,-114.92051183534913,-115,0.0794881646508685,False
heat_2d,physical_hermitian_400x400,301,-2.5549581320873695,44.97941097041009,-114.9205118353491,-115,0.07948816465089692,False
heat_2d,physical_hermitian_400x400,302,-2.538635902534418,44.97941097041009,-114.18634756433353,-114,0.1863475643335306,False
heat_2d,physical_hermitian_400x400,303,-2.533896256340346,44.97941097041009,-113.97316107031604,-114,0.02683892968396151,False
heat_2d,physical_hermitian_400x400,304,-2.5338962563403453,44.97941097041009,-113.973161070316,-114,0.026838929684004142,False
heat_2d,physical_hermitian_400x400,305,-2.4969826385408638,44.97941097041009,-112.31280828490847,-112,0.31280828490847057,False
heat_2d,physical_hermitian_400x400,306,-2.496982638540858,44.97941097041009,-112.31280828490821,-112,0.3128082849082148,False
heat_2d,physical_hermitian_400x400,307,-2.4673802154623727,44.97941097041009,-110.98130873154106,-111,0.018691268458937316,False
heat_2d,physical_hermitian_400x400,308,-2.4673802154623705,44.97941097041009,-110.98130873154096,-111,0.01869126845903679,False
heat_2d,physical_hermitian_400x400,309,-2.3844360691675006,44.97941097041009,-107.2505298877542,-107,0.2505298877541975,False
heat_2d,physical_hermitian_400x400,310,-2.384436069167497,44.97941097041009,-107.25052988775404,-107,0.25052988775404117,False
heat_2d,physical_hermitian_400x400,311,-2.3475224513680124,44.97941097041009,-105.59017710234637,-106,0.40982289765362623,False
heat_2d,physical_hermitian_400x400,312,-2.347522451368009,44.97941097041009,-105.59017710234622,-106,0.40982289765378255,False
heat_2d,physical_hermitian_400x400,313,-2.3079785283699112,44.97941097041009,-103.81151473843254,-104,0.1884852615674646,False
heat_2d,physical_hermitian_400x400,314,-2.3079785283699104,44.97941097041009,-103.81151473843249,-104,0.18848526156750722,False
heat_2d,physical_hermitian_400x400,315,-2.2693179512672086,44.97941097041009,-102.07258475257684,-102,0.07258475257684438,False
heat_2d,physical_hermitian_400x400,316,-2.2693179512672086,44.97941097041009,-102.07258475257684,-102,0.07258475257684438,False
heat_2d,physical_hermitian_400x400,317,-2.238314575600569,44.97941097041009,-100.67807117699704,-101,0.3219288230029633,False
heat_2d,physical_hermitian_400x400,318,-2.2383145756005653,44.97941097041009,-100.67807117699688,-101,0.32192882300311965,False
heat_2d,physical_hermitian_400x400,319,-2.1980622641951646,44.97941097041009,-98.86754591978443,-99,0.1324540802155667,False
heat_2d,physical_hermitian_400x400,320,-2.19806226419516,44.97941097041009,-98.86754591978423,-99,0.13245408021576566,False
heat_2d,physical_hermitian_400x400,321,-2.17179853472259,44.97941097041009,-97.68621883822183,-98,0.3137811617781665,False
heat_2d,physical_hermitian_400x400,322,-2.1717985347225865,44.97941097041009,-97.68621883822168,-98,0.3137811617783228,False
heat_2d,physical_hermitian_400x400,323,-2.0888543884277238,44.97941097041009,-93.95543999443522,-94,0.044560005564775906,False
heat_2d,physical_hermitian_400x400,324,-2.0888543884277144,44.97941097041009,-93.9554399944348,-94,0.04456000556520223,False
heat_2d,physical_hermitian_400x400,325,-2.0486020770223137,44.97941097041009,-92.14491473722236,-92,0.14491473722236492,False
heat_2d,physical_hermitian_400x400,326,-2.0486020770223092,44.97941097041009,-92.14491473722215,-92,0.14491473722215176,False
heat_2d,physical_hermitian_400x400,327,-2.0223383475497494,44.97941097041009,-90.96358765566022,-91,0.036412344339780134,False
heat_2d,physical_hermitian_400x400,328,-2.0223383475497405,44.97941097041009,-90.96358765565982,-91,0.03641234434017804,False
heat_2d,physical_hermitian_400x400,329,-2.000000000000002,44.97941097041009,-89.95882194082029,-90,0.041178059179713955,False
heat_2d,physical_hermitian_400x400,330,-1.9393942012548702,44.97941097041009,-87.23280881187303,-87,0.23280881187302782,False
heat_2d,physical_hermitian_400x400,331,-1.9393942012548693,44.97941097041009,-87.23280881187299,-87,0.2328088118729852,False
heat_2d,physical_hermitian_400x400,332,-1.902480583455386,44.97941097041009,-85.57245602646539,-86,0.42754397353461115,False
heat_2d,physical_hermitian_400x400,333,-1.9024805834553788,44.97941097041009,-85.57245602646506,-86,0.427543973534938,False
heat_2d,physical_hermitian_400x400,334,-1.8728781603768987,44.97941097041009,-84.24095647309815,-84,0.2409564730981515,False
heat_2d,physical_hermitian_400x400,335,-1.8728781603768887,44.97941097041009,-84.2409564730977,-84,0.24095647309769674,False
heat_2d,physical_hermitian_400x400,336,-1.803214207607559,44.97941097041009,-81.10751291166278,-81,0.10751291166278065,False
heat_2d,physical_hermitian_400x400,337,-1.8032142076075561,44.97941097041009,-81.10751291166265,-81,0.10751291166265275,False
heat_2d,physical_hermitian_400x400,338,-1.7530203962825404,44.97941097041009,-78.84982484390355,-79,0.15017515609645216,False
heat_2d,physical_hermitian_400x400,339,-1.7530203962825373,44.97941097041009,-78.8498248439034,-79,0.15017515609659426,False
heat_2d,physical_hermitian_400x400,340,-1.753020396282535,44.97941097041009,-78.8498248439033,-79,0.15017515609669374,False
heat_2d,physical_hermitian_400x400,341,-1.7530203962825242,44.97941097041009,-78.84982484390281,-79,0.15017515609719112,False
heat_2d,physical_hermitian_400x400,342,-1.6438125205150902,44.97941097041009,-73.93771891855391,-74,0.06228108144608768,False
heat_2d,physical_hermitian_400x400,343,-1.6438125205150877,44.97941097041009,-73.9377189185538,-74,0.06228108144620137,False
heat_2d,physical_hermitian_400x400,344,-1.6168404026352199,44.97941097041009,-72.72452894369289,-73,0.27547105630711144,False
heat_2d,physical_hermitian_400x400,345,-1.616840402635218,44.97941097041009,-72.7245289436928,-73,0.2754710563071967,False
heat_2d,physical_hermitian_400x400,346,-1.5772964796371158,44.97941097041009,-70.94586657977891,-71,0.05413342022109191,False
heat_2d,physical_hermitian_400x400,347,-1.5772964796371116,44.97941097041009,-70.94586657977872,-71,0.05413342022127665,False
heat_2d,physical_hermitian_400x400,348,-1.5338962563403444,44.97941097041009,-68.99375009990587,-69,0.006249900094132954,False
heat_2d,physical_hermitian_400x400,349,-1.5338962563403422,44.97941097041009,-68.99375009990577,-69,0.00624990009423243,False
heat_2d,physical_hermitian_400x400,350,-1.5060407925650603,44.97941097041009,-67.74082774698599,-68,0.2591722530140146,False
heat_2d,physical_hermitian_400x400,351,-1.4673802154623705,44.97941097041009,-66.00189776113088,-66,0.0018977611308770292,False
heat_2d,physical_hermitian_400x400,352,-1.4673802154623687,44.97941097041009,-66.00189776113079,-66,0.0018977611307917641,False
heat_2d,physical_hermitian_400x400,353,-1.3581723396949323,44.97941097041009,-61.08979183578178,-61,0.08979183578178151,False
heat_2d,physical_hermitian_400x400,354,-1.3581723396949252,44.97941097041009,-61.08979183578146,-61,0.08979183578146177,False
heat_2d,physical_hermitian_400x400,355,-1.3475224513680164,44.97941097041009,-60.61076613193646,-61,0.3892338680635419,False
heat_2d,physical_hermitian_400x400,356,-1.347522451368012,44.97941097041009,-60.61076613193626,-61,0.38923386806374083,False
heat_2d,physical_hermitian_400x400,357,-1.2916562988169558,44.97941097041009,-58.09793949700668,-58,0.09793949700667781,False
heat_2d,physical_hermitian_400x400,358,-1.2916562988169529,44.97941097041009,-58.09793949700655,-58,0.09793949700654991,False
heat_2d,physical_hermitian_400x400,359,-1.28691665262288,44.97941097041009,-57.884753002989,-58,0.11524699701099905,False
heat_2d,physical_hermitian_400x400,360,-1.286916652622877,44.97941097041009,-57.88475300298887,-58,0.11524699701112695,False
heat_2d,physical_hermitian_400x400,361,-1.198062264195174,44.97941097041009,-53.88813494937476,-54,0.11186505062524077,False
heat_2d,physical_hermitian_400x400,362,-1.198062264195162,44.97941097041009,-53.88813494937422,-54,0.11186505062578078,False
heat_2d,physical_hermitian_400x400,363,-1.1005428476505525,44.97941097041009,-49.50176903501963,-50,0.49823096498037245,False
heat_2d,physical_hermitian_400x400,364,-1.1005428476505468,44.97941097041009,-49.501769035019365,-50,0.49823096498063535,False
heat_2d,physical_hermitian_400x400,365,-1.088854388427727,44.97941097041009,-48.97602902402528,-49,0.023970975974719977,False
heat_2d,physical_hermitian_400x400,366,-1.0888543884277195,44.97941097041009,-48.97602902402494,-49,0.023970975975061037,False
heat_2d,physical_hermitian_400x400,367,-1.0677925126806989,44.97941097041009,-48.02867825899199,-48,0.02867825899198806,False
heat_2d,physical_hermitian_400x400,368,-1.0223383475497512,44.97941097041009,-45.984176685250205,-46,0.01582331474979526,False
heat_2d,physical_hermitian_400x400,369,-1.0223383475497432,44.97941097041009,-45.98417668524984,-46,0.015823314750157635,False
heat_2d,physical_hermitian_400x400,370,-0.9510826604776961,44.97941097041009,-42.7791378524573,-43,0.22086214754269662,False
heat_2d,physical_hermitian_400x400,371,-0.9510826604776939,44.97941097041009,-42.779137852457204,-43,0.2208621475427961,False
heat_2d,physical_hermitian_400x400,372,-0.8814187077083587,44.97941097041009,-39.64569429102204,-40,0.3543057089779609,False
heat_2d,physical_hermitian_400x400,373,-0.8814187077083573,44.97941097041009,-39.645694291021975,-40,0.3543057089780248,False
heat_2d,physical_hermitian_400x400,374,-0.841874784710255,44.97941097041009,-37.86703192710808,-38,0.13296807289192003,False
heat_2d,physical_hermitian_400x400,375,-0.8418747847102523,44.97941097041009,-37.86703192710796,-38,0.13296807289204082,False
heat_2d,physical_hermitian_400x400,376,-0.7753587438322922,44.97941097041009,-34.875179588333594,-35,0.12482041166640556,False
heat_2d,physical_hermitian_400x400,377,-0.7753587438322866,44.97941097041009,-34.875179588333346,-35,0.12482041166665425,False
heat_2d,physical_hermitian_400x400,378,-0.731958520535526,44.97941097041009,-32.92306310846078,-33,0.07693689153921923,False
heat_2d,physical_hermitian_400x400,379,-0.7319585205355059,44.97941097041009,-32.92306310845988,-33,0.07693689154012162,False
heat_2d,physical_hermitian_400x400,380,-0.6950449027360185,44.97941097041009,-31.262710323052087,-31,0.26271032305208664,False
heat_2d,physical_hermitian_400x400,381,-0.6227506447680753,44.97941097041009,-28.010957183111124,-28,0.010957183111123925,False
heat_2d,physical_hermitian_400x400,382,-0.6227506447680679,44.97941097041009,-28.01095718311079,-28,0.01095718311078997,False
heat_2d,physical_hermitian_400x400,383,-0.5562346038900939,44.97941097041009,-25.019104844335804,-25,0.019104844335803506,False
heat_2d,physical_hermitian_400x400,384,-0.5562346038900933,44.97941097041009,-25.019104844335775,-25,0.019104844335775084,False
heat_2d,physical_hermitian_400x400,385,-0.5455847155631814,44.97941097041009,-24.540079140490633,-25,0.4599208595093671,False
heat_2d,physical_hermitian_400x400,386,-0.5455847155631521,44.97941097041009,-24.540079140489315,-25,0.4599208595106852,False
heat_2d,physical_hermitian_400x400,387,-0.436376839795747,44.97941097041009,-19.62797321514171,-20,0.37202678485828855,False
heat_2d,physical_hermitian_400x400,388,-0.4363768397957256,44.97941097041009,-19.62797321514075,-20,0.37202678485925134,False
heat_2d,physical_hermitian_400x400,389,-0.39612452839033174,44.97941097041009,-17.81744795792861,-18,0.1825520420713893,False
heat_2d,physical_hermitian_400x400,390,-0.3698607989177541,44.97941097041009,-16.63612087636587,-17,0.3638791236341312,False
heat_2d,physical_hermitian_400x400,391,-0.36986079891775286,44.97941097041009,-16.636120876365815,-17,0.3638791236341845,False
heat_2d,physical_hermitian_400x400,392,-0.28691665262287785,44.97941097041009,-12.905342032578814,-13,0.09465796742118648,False
heat_2d,physical_hermitian_400x400,393,-0.2869166526228738,44.97941097041009,-12.905342032578632,-13,0.09465796742136767,False
heat_2d,physical_hermitian_400x400,394,-0.22040061174490733,44.97941097041009,-9.91348969380398,-10,0.08651030619602018,False
heat_2d,physical_hermitian_400x400,395,-0.22040061174490586,44.97941097041009,-9.913489693803914,-10,0.0865103061960859,False
heat_2d,physical_hermitian_400x400,396,-0.17770877685542796,44.97941097041009,-7.993236107229196,-8,0.006763892770804247,False
heat_2d,physical_hermitian_400x400,397,-0.11119273597748294,44.97941097041009,-5.00138376845551,-5,0.001383768455509582,False
heat_2d,physical_hermitian_400x400,398,-0.11119273597748001,44.97941097041009,-5.001383768455377,-5,0.0013837684553772434,False
heat_2d,physical_hermitian_400x400,399,-0.04467669509947473,44.97941097041009,-2.0095314296789804,-2,0.009531429678980352,False
random_00,physical_hermitian_16x16,0,-0.9900990099009901,53.960418607174844,-53.42615703680678,-53,0.42615703680677797,False
random_00,physical_hermitian_16x16,1,-0.8108747180645508,53.960418607174844,-43.755139224738045,-44,0.24486077526195515,False
random_00,physical_hermitian_16x16,2,-0.6235896038488495,53.960418607174844,-33.64915606276625,-34,0.35084393723374774,False
random_00,physical_hermitian_16x16,3,-0.5078135280657888,53.960418607174844,-27.401830548816296,-27,0.4018305488162959,False
random_00,physical_hermitian_16x16,4,-0.42544223655166774,53.960418607174844,-22.957041177500695,-23,0.042958822499304716,False
random_00,physical_hermitian_16x16,5,-0.3728256731127229,53.960418607174844,-20.11782938866426,-20,0.11782938866425852,False
random_00,physical_hermitian_16x16,6,-0.27598749052519805,53.960418607174844,-14.892400519083388,-15,0.10759948091661187,False
random_00,physical_hermitian_16x16,7,-0.15933249989841775,53.960418607174844,-8.597648392246265,-9,0.4023516077537348,False
random_00,physical_hermitian_16x16,8,-0.0372617128899091,53.960418607174844,-2.010657625559858,-2,0.01065762555985783,False
random_00,physical_hermitian_16x16,9,0.13068460418637048,53.960418607174844,7.051795947409506,7,0.05179594740950577,False
random_00,physical_hermitian_16x16,10,0.17576817877509174,53.960418607174844,9.484524504524694,9,0.4845245045246944,False
random_00,physical_hermitian_16x16,11,0.21553472997947076,53.960418607174844,11.63034425407664,12,0.36965574592336026,False
random_00,physical_hermitian_16x16,12,0.32442967970962133,53.960418607174844,17.506361325722825,18,0.4936386742771752,False
random_00,physical_hermitian_16x16,13,0.4777874750337583,53.960418607174844,25.7816121580867,26,0.21838784191330163,False
random_00,physical_hermitian_16x16,14,0.7039391350753802,53.960418607174844,37.98485040264011,38,0.015149597359886968,False
random_00,physical_hermitian_16x16,15,0.907766981689811,53.960418607174844,48.98348632975382,49,0.01651367024617656,False
random_01,physical_hermitian_16x16,0,-0.9900990099009901,103.86152096099995,-102.83318907029698,-103,0.16681092970301847,False
random_01,physical_hermitian_16x16,1,-0.6788265524381228,103.86152096099995,-70.50395820493543,-71,0.4960417950645706,False
random_01,physical_hermitian_16x16,2,-0.6063613058076138,103.86152096099995,-62.97760747307679,-63,0.022392526923212586,False
random_01,physical_hermitian_16x16,3,-0.45150410230215504,103.86152096099995,-46.89390278523274,-47,0.10609721476726008,False
random_01,physical_hermitian_16x16,4,-0.33809114708793114,103.86152096099995,-35.11466076000168,-35,0.11466076000167646,False
random_01,physical_hermitian_16x16,5,-0.26592987051507033,103.86152096099995,-27.61988082065698,-28,0.3801191793430192,False
random_01,physical_hermitian_16x16,6,-0.1682884727869248,103.86152096099995,-17.47869674385386,-17,0.47869674385385963,False
random_01,physical_hermitian_16x16,7,-0.04883957514352233,103.86152096099995,-5.072552557495277,-5,0.07255255749527656,False
random_01,physical_hermitian_16x16,8,0.013003435410092258,103.86152096099995,1.350556579410306,1,0.35055657941030605,False
random_01,physical_hermitian_16x16,9,0.23699813441553236,103.86152096099995,24.6149867053167,25,0.3850132946833007,False
random_01,physical_hermitian_16x16,10,0.27495160276857766,103.86152096099995,28.556891654209164,29,0.44310834579083647,False
random_01,physical_hermitian_16x16,11,0.3017388708331859,103.86152096099995,31.339058057789394,31,0.33905805778939424,False
random_01,physical_hermitian_16x16,12,0.3526623467484629,103.86152096099995,36.62804771897092,37,0.3719522810290812,False
random_01,physical_hermitian_16x16,13,0.4948534339150578,103.86152096099995,51.396230299191586,51,0.39623029919158625,False
random_01,physical_hermitian_16x16,14,0.6607297974414735,103.86152096099995,68.62440170652485,69,0.37559829347515006,False
random_01,physical_hermitian_16x16,15,0.792707348503386,103.86152096099995,82.33179089252312,82,0.33179089252311655,False
random_02,physical_hermitian_16x16,0,-0.9900990099009905,58.176000000000016,-57.600000000000044,-58,0.39999999999995595,False
random_02,physical_hermitian_16x16,1,-0.9047043411632263,58.176000000000016,-52.63207975151187,-53,0.367920248488133,False
random_02,physical_hermitian_16x16,2,-0.7549469545212358,58.176000000000016,-43.91979402622743,-44,0.08020597377257133,False
random_02,physical_hermitian_16x16,3,-0.5556351026102445,58.176000000000016,-32.324627729453596,-32,0.32462772945359575,False
random_02,physical_hermitian_16x16,4,-0.43615808635966913,58.176000000000016,-25.373932832060117,-25,0.37393283206011674,False
random_02,physical_hermitian_16x16,5,-0.30000616411998204,58.176000000000016,-17.45315860384408,-17,0.4531586038440807,False
random_02,physical_hermitian_16x16,6,-0.24702309532472677,58.176000000000016,-14.370815593611308,-14,0.370815593611308,False
random_02,physical_hermitian_16x16,7,-0.15369884369637288,58.176000000000016,-8.94158393088019,-9,0.05841606911980968,False
random_02,physical_hermitian_16x16,8,-0.08567950549127437,58.176000000000016,-4.984490911460379,-5,0.015509088539620741,False
random_02,physical_hermitian_16x16,9,0.052099153336329466,58.176000000000016,3.030920344494304,3,0.03092034449430381,False
random_02,physical_hermitian_16x16,10,0.09201033446278735,58.176000000000016,5.352793217707118,5,0.35279321770711825,False
random_02,physical_hermitian_16x16,11,0.10365984892551891,58.176000000000016,6.03051537109099,6,0.03051537109099023,False
random_02,physical_hermitian_16x16,12,0.3471708040384091,58.176000000000016,20.197008695738493,20,0.1970086957384929,False
random_02,physical_hermitian_16x16,13,0.36951953432603224,58.176000000000016,21.49716842895126,21,0.4971684289512588,False
random_02,physical_hermitian_16x16,14,0.5036275479246923,58.176000000000016,29.29903622806691,29,0.2990362280669103,False
random_02,physical_hermitian_16x16,15,0.8638663449637669,58.176000000000016,50.25628848461212,50,0.2562884846121207,False
random_03,physical_hermitian_16x16,0,-0.9900990099009901,70.1976764745112,-69.50264997476356,-70,0.4973500252364431,False
random_03,physical_hermitian_16x16,1,-0.9768428934216564,70.1976764745112,-68.57210139883885,-69,0.42789860116114653,False
random_03,physical_hermitian_16x16,2,-0.7965046328362242,70.1976764745112,-55.9127745262866,-56,0.08722547371340283,False
random_03,physical_hermitian_16x16,3,-0.6239023766478726,70.1976764745112,-43.79649718760599,-44,0.20350281239400658,False
random_03,physical_hermitian_16x16,4,-0.4837740816690302,70.1976764745112,-33.95981647175634,-34,0.04018352824365934,False
random_03,physical_hermitian_16x16,5,-0.3145379365203091,70.1976764745112,-22.079832306813,-22,0.07983230681299958,False
random_03,physical_hermitian_16x16,6,-0.2801904702450528,70.1976764745112,-19.668719981503372,-20,0.3312800184966278,False
random_03,physical_hermitian_16x16,7,-0.09244320221996301,70.1976764745112,-6.489298001704778,-6,0.48929800170477833,False
random_03,physical_hermitian_16x16,8,0.07175503268842602,70.1976764745112,5.037036570080105,5,0.03703657008010541,False
random_03,physical_hermitian_16x16,9,0.1235650390883611,70.1976764745112,8.673978637485103,9,0.3260213625148971,False
random_03,physical_hermitian_16x16,10,0.2102838610901771,70.1976764745112,14.761438448619305,15,0.23856155138069468,False
random_03,physical_hermitian_16x16,11,0.352855435079753,70.1976764745112,24.76963167400139,25,0.23036832599861157,False
random_03,physical_hermitian_16x16,12,0.6677590794462631,70.1976764745112,46.8751358218862,47,0.12486417811380335,False
random_03,physical_hermitian_16x16,13,0.8129260677211061,70.1976764745112,57.06552109958279,57,0.06552109958278862,False
random_03,physical_hermitian_16x16,14,0.8470719553442679,70.1976764745112,59.46248307188852,59,0.46248307188852067,False
random_03,physical_hermitian_16x16,15,0.9511220567349995,70.1976764745112,66.76655842645518,67,0.2334415735448232,False
random_04,physical_hermitian_16x16,0,-0.965205047013532,39.212932888070625,-37.84852073176869,-38,0.15147926823131286,False
random_04,physical_hermitian_16x16,1,-0.664375636902205,39.212932888070625,-26.052117262315342,-26,0.05211726231534186,False
random_04,physical_hermitian_16x16,2,-0.6274084799984438,39.212932888070625,-24.60252661958538,-25,0.39747338041462044,False
random_04,physical_hermitian_16x16,3,-0.49354601970907197,39.212932888070625,-19.35338694802622,-19,0.3533869480262197,False
random_04,physical_hermitian_16x16,4,-0.36741173137195066,39.212932888070625,-14.407291564578134,-14,0.4072915645781343,False
random_04,physical_hermitian_16x16,5,-0.26213359479852943,39.212932888070625,-10.279027060543434,-10,0.2790270605434344,False
random_04,physical_hermitian_16x16,6,-0.23691900328850843,39.212932888070625,-9.290288975860864,-9,0.29028897586086444,False
random_04,physical_hermitian_16x16,7,-0.16362951396172318,39.212932888070625,-6.416393149488666,-6,0.4163931494886661,False
random_04,physical_hermitian_16x16,8,0.03480278753043121,39.212932888070625,1.3647193717485802,1,0.36471937174858016,False
random_04,physical_hermitian_16x16,9,0.3368510103708001,39.212932888070625,13.208916062948967,13,0.20891606294896725,False
random_04,physical_hermitian_16x16,10,0.40136992450674636,39.212932888070625,15.738891912973019,16,0.2611080870269813,False
random_04,physical_hermitian_16x16,11,0.4695591555275294,39.212932888070625,18.412791652680127,18,0.4127916526801272,False
random_04,physical_hermitian_16x16,12,0.5815388090094711,39.212932888070625,22.80384228949691,23,0.1961577105030905,False
random_04,physical_hermitian_16x16,13,0.6364303215330875,39.212932888070625,24.95629948621017,25,0.04370051378982964,False
random_04,physical_hermitian_16x16,14,0.7939937357453288,39.212932888070625,31.13482307333006,31,0.13482307333006105,False
random_04,physical_hermitian_16x16,15,0.9900990099009895,39.212932888070625,38.82468602779267,39,0.17531397220732714,False
random_05,physical_hermitian_16x16,0,-0.8035895069425968,46.862877866505386,-37.6585169186562,-38,0.341483081343803,False
random_05,physical_hermitian_16x16,1,-0.6822557704739776,46.862877866505386,-31.97246884544054,-32,0.027531154559458315,False
random_05,physical_hermitian_16x16,2,-0.506927482842809,46.862877866505386,-23.756080715637562,-24,0.2439192843624376,False
random_05,physical_hermitian_16x16,3,-0.41761852962172485,46.862877866505386,-19.570806148452455,-20,0.4291938515475451,False
random_05,physical_hermitian_16x16,4,-0.3869568172110711,46.862877866505386,-18.133910064574074,-18,0.13391006457407428,False
random_05,physical_hermitian_16x16,5,-0.22805927222558361,46.862877866505386,-10.68751382063163,-11,0.31248617936837064,False
random_05,physical_hermitian_16x16,6,-0.07191980887631065,46.862877866505386,-3.370369219552956,-3,0.370369219552956,False
random_05,physical_hermitian_16x16,7,-0.02867254975902822,46.862877866505386,-1.343678197478638,-1,0.34367819747863804,False
random_05,physical_hermitian_16x16,8,0.09515546813036596,46.862877866505386,4.459259081323486,4,0.45925908132348603,False
random_05,physical_hermitian_16x16,9,0.11581502061392,46.862877866505386,5.427425166136937,5,0.4274251661369366,False
random_05,physical_hermitian_16x16,10,0.1722406991455529,46.862877866505386,8.071694847699543,8,0.07169484769954337,False
random_05,physical_hermitian_16x16,11,0.36742422377766765,46.862877866505386,17.218556524088385,17,0.21855652408838466,False
random_05,physical_hermitian_16x16,12,0.44246242076832093,46.862877866505386,20.73506238498414,21,0.2649376150158602,False
random_05,physical_hermitian_16x16,13,0.6090753299217067,46.862877866505386,28.543022797622413,29,0.4569772023775869,False
random_05,physical_hermitian_16x16,14,0.7209262007176507,46.862877866505386,33.78467649499501,34,0.21532350500498865,False
random_05,physical_hermitian_16x16,15,0.9900990099009901,46.862877866505386,46.39888897673801,46,0.3988889767380073,False
random_06,physical_hermitian_16x16,0,-0.9530614002818012,232.704,-221.78120009117626,-222,0.21879990882374045,False
random_06,physical_hermitian_16x16,1,-0.7417986157159894,232.704,-172.6195050715736,-173,0.3804949284264012,False
random_06,physical_hermitian_16x16,2,-0.514818686478649,232.704,-119.80036761832756,-120,0.19963238167244413,False
random_06,physical_hermitian_16x16,3,-0.48891906642445737,232.704,-113.77342243323693,-114,0.22657756676306917,False
random_06,physical_hermitian_16x16,4,-0.402034825509086,232.704,-93.55511203526635,-94,0.44488796473365255,False
random_06,physical_hermitian_16x16,5,-0.35466563858450584,232.704,-82.53211276116885,-83,0.46788723883115324,False
random_06,physical_hermitian_16x16,6,-0.20665517100143413,232.704,-48.08948491271773,-48,0.08948491271772951,False
random_06,physical_hermitian_16x16,7,-0.09868447368954003,232.704,-22.964271765450725,-23,0.03572823454927487,False
random_06,physical_hermitian_16x16,8,-0.01914293249774976,232.704,-4.45463696395636,-4,0.4546369639563599,False
random_06,physical_hermitian_16x16,9,0.036662898379657693,232.704,8.531603104539863,9,0.4683968954601365,False
random_06,physical_hermitian_16x16,10,0.17222683061384772,232.704,40.077872391164824,40,0.07787239116482425,False
random_06,physical_hermitian_16x16,11,0.29452123620670834,232.704,68.53626975024586,69,0.46373024975413557,False
random_06,physical_hermitian_16x16,12,0.39240905693573713,232.704,91.31515718517377,91,0.3151571851737742,False
random_06,physical_hermitian_16x16,13,0.47796777495474585,232.704,111.22501310306919,111,0.22501310306918754,False
random_06,physical_hermitian_16x16,14,0.7832752679875478,232.704,182.27128796177433,182,0.271287961774334,False
random_06,physical_hermitian_16x16,15,0.9900990099009909,232.704,230.40000000000018,230,0.4000000000001762,False
random_07,physical_hermitian_16x16,0,-0.9900990099009906,177.0198589039942,-175.2671870336577,-175,0.2671870336577058,False
random_07,physical_hermitian_16x16,1,-0.7840453642712807,177.0198589039942,-138.79159975763284,-139,0.20840024236716204,False
random_07,physical_hermitian_16x16,2,-0.6549647839045211,177.0198589039942,-115.94177363386336,-116,0.0582263661366369,False
random_07,physical_hermitian_16x16,3,-0.5669628804029966,177.0198589039942,-100.36368909274059,-100,0.3636890927405858,False
random_07,physical_hermitian_16x16,4,-0.48518666573926156,177.0198589039942,-85.88767511126348,-86,0.11232488873652358,False
random_07,physical_hermitian_16x16,5,-0.3081115008260445,177.0198589039942,-54.54185440292429,-55,0.45814559707571334,False
random_07,physical_hermitian_16x16,6,-0.10736032026616162,177.0198589039942,-19.004908745403558,-19,0.0049087454035579015,False
random_07,physical_hermitian_16x16,7,-0.08120624258348791,177.0198589039942,-14.375117604252555,-14,0.375117604252555,False
random_07,physical_hermitian_16x16,8,-0.005666329627804621,177.0198589039942,-1.003052871217496,-1,0.0030528712174959782,False
random_07,physical_hermitian_16x16,9,0.1669324193498998,177.0198589039942,29.550353319821653,30,0.44964668017834697,False
random_07,physical_hermitian_16x16,10,0.17560305960710568,177.0198589039942,31.08522883475953,31,0.0852288347595298,False
random_07,physical_hermitian_16x16,11,0.21287695158596345,177.0198589039942,37.68344793365965,38,0.3165520663403498,False
random_07,physical_hermitian_16x16,12,0.3932957483347032,177.0198589039942,69.62115787774997,70,0.37884212225003466,False
random_07,physical_hermitian_16x16,13,0.473258349144942,177.0198589039942,83.77612619077486,84,0.22387380922513955,False
random_07,physical_hermitian_16x16,14,0.6673876225036237,177.0198589039942,118.1408627698636,118,0.14086276986360247,False
random_07,physical_hermitian_16x16,15,0.7808367725812521,177.0198589039942,138.22361530938343,138,0.22361530938343321,False
random_08,physical_hermitian_16x16,0,-0.9900990099009912,44.29119222694715,-43.85266557123485,-44,0.14733442876514857,False
random_08,physical_hermitian_16x16,1,-0.8605908509923287,44.29119222694715,-38.116594810053265,-38,0.11659481005326455,False
random_08,physical_hermitian_16x16,2,-0.742418791100162,44.29119222694715,-32.882613389514994,-33,0.11738661048500632,False
random_08,physical_hermitian_16x16,3,-0.5589273667741574,44.29119222694715,-24.755559442695603,-25,0.2444405573043973,False
random_08,physical_hermitian_16x16,4,-0.35255090913467607,44.29119222694715,-15.614900086268918,-16,0.3850999137310822,False
random_08,physical_hermitian_16x16,5,-0.30131332779597875,44.29119222694715,-13.345526521952834,-13,0.3455265219528343,False
random_08,physical_hermitian_16x16,6,-0.2989438749767333,44.29119222694715,-13.24058063166295,-13,0.24058063166295085,False
random_08,physical_hermitian_16x16,7,-0.2181594741625855,44.29119222694715,-9.662543206264784,-10,0.33745679373521575,False
random_08,physical_hermitian_16x16,8,0.02259965825049651,44.29119222694715,1.000965807836053,1,0.0009658078360530453,False
random_08,physical_hermitian_16x16,9,0.17837296841096206,44.29119222694715,7.900351431981093,8,0.09964856801890676,False
random_08,physical_hermitian_16x16,10,0.30298036832157194,44.29119222694715,13.419361734321992,13,0.419361734321992,False
random_08,physical_hermitian_16x16,11,0.39125808050791594,44.29119222694715,17.32928685412247,17,0.3292868541224685,False
random_08,physical_hermitian_16x16,12,0.5051878210604739,44.29119222694715,22.37537089330203,22,0.3753708933020299,False
random_08,physical_hermitian_16x16,13,0.6294184336668225,44.29119222694715,27.87769283672122,28,0.12230716327878,False
random_08,physical_hermitian_16x16,14,0.8276458003196265,44.29119222694715,36.6574192377821,37,0.34258076221789935,False
random_08,physical_hermitian_16x16,15,0.9447475571225692,44.29119222694715,41.843995658454446,42,0.15600434154555387,False
random_09,physical_hermitian_16x16,0,-0.8623818826986377,103.25630471104074,-89.04636645721153,-89,0.04636645721153343,False
random_09,physical_hermitian_16x16,1,-0.6772353769225677,103.25630471104074,-69.92882244061319,-70,0.07117755938681114,False
random_09,physical_hermitian_16x16,2,-0.43140307351052265,103.25630471104074,-44.54508721168204,-45,0.4549127883179622,False
random_09,physical_hermitian_16x16,3,-0.3078537184352245,103.25630471104074,-31.787837357174485,-32,0.21216264282551478,False
random_09,physical_hermitian_16x16,4,-0.30293641235184837,103.25630471104074,-31.280094501871943,-31,0.2800945018719432,False
random_09,physical_hermitian_16x16,5,-0.24516555211069846,103.25630471104074,-25.314888953392817,-25,0.314888953392817,False
random_09,physical_hermitian_16x16,6,-0.06259919177026324,103.25630471104074,-6.463761220095175,-6,0.46376122009517484,False
random_09,physical_hermitian_16x16,7,0.044097401475312555,103.25630471104074,4.553334723699971,5,0.4466652763000294,False
random_09,physical_hermitian_16x16,8,0.17678810761219668,103.25630471104074,18.254486708893243,18,0.25448670889324276,False
random_09,physical_hermitian_16x16,9,0.2164890797059521,103.25630471104074,22.353862380730575,22,0.3538623807305754,False
random_09,physical_hermitian_16x16,10,0.2564028047399863,103.25630471104074,26.475206134997503,26,0.47520613499750297,False
random_09,physical_hermitian_16x16,11,0.30795656206299094,103.25630471104074,31.798456610140722,32,0.20154338985927822,False
random_09,physical_hermitian_16x16,12,0.4045351693362955,103.25630471104074,41.77080671132099,42,0.22919328867900646,False
random_09,physical_hermitian_16x16,13,0.6199989027778853,103.25630471104074,64.01879562574425,64,0.018795625744246536,False
random_09,physical_hermitian_16x16,14,0.6986588359584454,103.25630471104074,72.14092965478626,72,0.1409296547862624,False
random_09,physical_hermitian_16x16,15,0.9900990099009899,103.25630471104074,102.23396506043635,102,0.23396506043634702,False
random_10,physical_hermitian_16x16,0,-0.9900990099009912,39.09690326156945,-38.709805209474744,-39,0.29019479052525554,False
random_10,physical_hermitian_16x16,1,-0.6819332161369395,39.09690326156945,-26.661476982156856,-27,0.3385230178431442,False
random_10,physical_hermitian_16x16,2,-0.5550757721340803,39.09690326156945,-21.701743765967105,-22,0.2982562340328947,False
random_10,physical_hermitian_16x16,3,-0.5165683810607802,39.09690326156945,-20.19622402231887,-20,0.19622402231886937,False
random_10,physical_hermitian_16x16,4,-0.3542449558905977,39.09690326156945,-13.849880771353634,-14,0.15011922864636595,False
random_10,physical_hermitian_16x16,5,-0.3413056159470728,39.09690326156945,-13.343992649313082,-13,0.3439926493130816,False
random_10,physical_hermitian_16x16,6,-0.28989824737780295,39.09690326156945,-11.334123733428491,-11,0.3341237334284912,False
random_10,physical_hermitian_16x16,7,-0.17648687138246794,39.09690326156945,-6.900090137377399,-7,0.09990986262260115,False
random_10,physical_hermitian_16x16,8,-0.07867976638949155,39.09690326156945,-3.0761352151728345,-3,0.0761352151728345,False
random_10,physical_hermitian_16x16,9,0.10293268797491259,39.09690326156945,4.024349344208471,4,0.02434934420847057,False
random_10,physical_hermitian_16x16,10,0.11190599590203372,39.09690326156945,4.3751778961714,4,0.37517789617140007,False
random_10,physical_hermitian_16x16,11,0.1796024589894662,39.09690326156945,7.021899964651155,7,0.021899964651154846,False
random_10,physical_hermitian_16x16,12,0.3031710871189501,39.09690326156945,11.853050664794436,12,0.14694933520556397,False
random_10,physical_hermitian_16x16,13,0.4377750152609501,39.09690326156945,17.115647421989454,17,0.1156474219894541,False
random_10,physical_hermitian_16x16,14,0.6491376913831075,39.09690326156945,25.37927352344388,25,0.37927352344388154,False
random_10,physical_hermitian_16x16,15,0.7754984529116995,39.09690326156945,30.31958799298549,30,0.3195879929854897,False
random_11,physical_hermitian_16x16,0,-0.9900990099009911,57.04301431212522,-56.47823199220325,-56,0.4782319922032485,False
random_11,physical_hermitian_16x16,1,-0.8234849030332164,57.04301431212522,-46.974061109542816,-47,0.02593889045718356,False
random_11,physical_hermitian_16x16,2,-0.8094561144914019,57.04301431212522,-46.17381672397031,-46,0.17381672397031167,False
random_11,physical_hermitian_16x16,3,-0.46601645496377536,57.04301431212522,-26.5829833101845,-27,0.417016689815501,False
random_11,physical_hermitian_16x16,4,-0.4015658120823108,57.04301431212522,-22.90652436587144,-23,0.09347563412855919,False
random_11,physical_hermitian_16x16,5,-0.38403560549489846,57.04301431212522,-21.90654854061117,-22,0.09345145938883093,False
random_11,physical_hermitian_16x16,6,-0.24745787258801882,57.04301431212522,-14.115742967686417,-14,0.11574296768641723,False
random_11,physical_hermitian_16x16,7,-0.12557853903588764,57.04301431212522,-7.163378399519915,-7,0.16337839951991473,False
random_11,physical_hermitian_16x16,8,-0.01850718531431153,57.04301431212522,-1.0557056367614264,-1,0.05570563676142637,False
random_11,physical_hermitian_16x16,9,0.06037647839814429,57.04301431212522,3.444056321381064,3,0.4440563213810642,False
random_11,physical_hermitian_16x16,10,0.08791303886539449,57.04301431212522,5.0148247342211185,5,0.014824734221118518,False
random_11,physical_hermitian_16x16,11,0.1332407590304937,57.04301431212522,7.6004545243348804,8,0.39954547566511955,False
random_11,physical_hermitian_16x16,12,0.24818308831892233,57.04301431212522,14.157111459003724,14,0.15711145900372436,False
random_11,physical_hermitian_16x16,13,0.3884482528348293,57.04301431212522,22.158259245977206,22,0.15825924597720586,False
random_11,physical_hermitian_16x16,14,0.5199024314870065,57.04301431212522,29.656801840222016,30,0.34319815977798385,False
random_11,physical_hermitian_16x16,15,0.7119001912127975,57.04301431212522,40.60893279615629,41,0.3910672038437113,False
random_12,physical_hermitian_16x16,0,-0.9900990099009908,49.59573004529589,-49.10468321316428,-49,0.10468321316427875,False
random_12,physical_hermitian_16x16,1,-0.6771065294177822,49.59573004529589,-33.581592644911524,-34,0.41840735508847615,False
random_12,physical_hermitian_16x16,2,-0.6217064578674191,49.59573004529589,-30.833985651809638,-31,0.16601434819036243,False
random_12,physical_hermitian_16x16,3,-0.4638232597357509,49.59573004529589,-23.00365317858346,-23,0.003653178583459038,False
random_12,physical_hermitian_16x16,4,-0.4565682149841784,49.59573004529589,-22.643833937617927,-23,0.3561660623820728,False
random_12,physical_hermitian_16x16,5,-0.35392387950229354,49.59573004529589,-17.55311318437958,-18,0.4468868156204202,False
random_12,physical_hermitian_16x16,6,-0.15166205487153858,49.59573004529589,-7.52179033152368,-8,0.4782096684763202,False
random_12,physical_hermitian_16x16,7,-0.08609651674276665,49.59573004529589,-4.2700196022145525,-4,0.27001960221455246,False
random_12,physical_hermitian_16x16,8,-0.02090854203152348,49.59573004529589,-1.036974406236161,-1,0.036974406236160995,False
random_12,physical_hermitian_16x16,9,0.08121820542930608,49.59573004529589,4.028076191235249,4,0.028076191235249404,False
random_12,physical_hermitian_16x16,10,0.2610437292497305,49.59573004529589,12.946654325886945,13,0.05334567411305535,False
random_12,physical_hermitian_16x16,11,0.3841459452342508,49.59573004529589,19.05199859783292,19,0.05199859783292027,False
random_12,physical_hermitian_16x16,12,0.45379537166745,49.59573004529589,22.506312749023564,23,0.4936872509764356,False
random_12,physical_hermitian_16x16,13,0.5046216534450404,49.59573004529589,25.02707929927108,25,0.02707929927107955,False
random_12,physical_hermitian_16x16,14,0.5845349303059652,49.59573004529589,28.990436605500495,29,0.009563394499505051,False
random_12,physical_hermitian_16x16,15,0.7879090038013289,49.59573004529589,39.07692225278872,39,0.07692225278871945,False
random_13,physical_hermitian_16x16,0,-0.9352437889042866,52.427603787370685,-49.03259080927329,-49,0.03259080927328739,False
random_13,physical_hermitian_16x16,1,-0.7204063589668337,52.427603787370685,-37.76917915381549,-38,0.23082084618450693,False
random_13,physical_hermitian_16x16,2,-0.6538519995659345,52.427603787370685,-34.279893568822885,-34,0.2798935688228852,False
random_13,physical_hermitian_16x16,3,-0.5073099226450012,52.427603787370685,-26.597043621833794,-27,0.40295637816620555,False
random_13,physical_hermitian_16x16,4,-0.4672139356853051,52.427603787370685,-24.494907104047265,-24,0.49490710404726457,False
random_13,physical_hermitian_16x16,5,-0.4012313076759081,52.427603787370685,-21.03559602592113,-21,0.03559602592113009,False
random_13,physical_hermitian_16x16,6,-0.22030728273182384,52.427603787370685,-11.550182930536312,-12,0.4498170694636876,False
random_13,physical_hermitian_16x16,7,-0.12302973149132543,52.427603787370685,-6.450154016693811,-6,0.45015401669381117,False
random_13,physical_hermitian_16x16,8,-0.1022406380749495,52.427603787370685,-5.360231663961418,-5,0.36023166396141804,False
random_13,physical_hermitian_16x16,9,0.06535987210508955,52.427603787370685,3.4266614783188563,3,0.42666147831885626,False
random_13,physical_hermitian_16x16,10,0.09443181817547695,52.427603787370685,4.950833948224935,5,0.04916605177506472,False
random_13,physical_hermitian_16x16,11,0.18282965605050724,52.427603787370685,9.585320767997253,10,0.41467923200274726,False
random_13,physical_hermitian_16x16,12,0.34874442941989375,52.427603787370685,18.28383476867885,18,0.28383476867885093,False
random_13,physical_hermitian_16x16,13,0.445973841781046,52.427603787370685,23.38133987642822,23,0.3813398764282212,False
random_13,physical_hermitian_16x16,14,0.4900132962259729,52.427603787370685,25.69022294507881,26,0.30977705492119156,False
random_13,physical_hermitian_16x16,15,0.9900990099009908,52.427603787370685,51.90851860135715,52,0.09148139864284843,False
random_14,physical_hermitian_16x16,0,-0.9900990099009899,644.1514580224862,-637.7737208143426,-638,0.22627918565740401,False
random_14,physical_hermitian_16x16,1,-0.7303545517737909,644.1514580224862,-470.4589493984468,-470,0.45894939844680493,False
random_14,physical_hermitian_16x16,2,-0.5181948263109537,644.1514580224862,-333.7959529079098,-334,0.20404709209020666,False
random_14,physical_hermitian_16x16,3,-0.4837163295087036,644.1514580224862,-311.58657892231673,-312,0.4134210776832674,False
random_14,physical_hermitian_16x16,4,-0.36096197408343583,644.1514580224862,-232.51418189652006,-233,0.4858181034799429,False
random_14,physical_hermitian_16x16,5,-0.2755543863839812,644.1514580224862,-177.49875975373303,-177,0.49875975373302595,False
random_14,physical_hermitian_16x16,6,-0.1782276227812222,644.1514580224862,-114.80558307440594,-115,0.1944169255940551,False
random_14,physical_hermitian_16x16,7,-0.12349887744133899,644.1514580224862,-79.55198196797883,-80,0.4480180320211673,False
random_14,physical_hermitian_16x16,8,-0.0021074248098371436,644.1514580224862,-1.3575007639293568,-1,0.3575007639293568,False
random_14,physical_hermitian_16x16,9,0.11333213680623293,644.1514580224862,73.0030611645388,73,0.003061164538806338,False
random_14,physical_hermitian_16x16,10,0.24964735438388508,644.1514580224862,160.81070731783586,161,0.18929268216413675,False
random_14,physical_hermitian_16x16,11,0.2887667286189213,644.1514580224862,186.00950926826172,186,0.009509268261723491,False
random_14,physical_hermitian_16x16,12,0.41170531889105066,644.1514580224862,265.2005814392829,265,0.20058143928292793,False
random_14,physical_hermitian_16x16,13,0.5780552638949041,644.1514580224862,372.3551410554755,372,0.35514105547548525,False
random_14,physical_hermitian_16x16,14,0.7273627291816416,644.1514580224862,468.53176251356916,469,0.4682374864308372,False
random_14,physical_hermitian_16x16,15,0.774030824630819,644.1514580224862,498.59308424028933,499,0.40691575971067095,False
random_15,physical_hermitian_16x16,0,-0.8624423969195862,193.84566803761132,-167.18072257483593,-167,0.1807225748359258,False
random_15,physical_hermitian_16x16,1,-0.694614458928125,193.84566803761132,-134.64800381950633,-135,0.3519961804936713,False
random_15,physical_hermitian_16x16,2,-0.4904644815782015,193.84566803761132,-95.07441508024718,-95,0.07441508024717791,False
random_15,physical_hermitian_16x16,3,-0.4271564485340397,193.84566803761132,-82.80242712265446,-83,0.19757287734553586,False
random_15,physical_hermitian_16x16,4,-0.36955762355654415,193.84566803761132,-71.63714441671038,-72,0.3628555832896154,False
random_15,physical_hermitian_16x16,5,-0.20572869479227346,193.84566803761132,-39.8796162765141,-40,0.12038372348590087,False
random_15,physical_hermitian_16x16,6,-0.06067789433942408,193.84566803761132,-11.762146963341255,-12,0.2378530366587448,False
random_15,physical_hermitian_16x16,7,-0.023103984573410275,193.84566803761132,-4.478607323963381,-4,0.4786073239633808,False
random_15,physical_hermitian_16x16,8,0.0795831455950929,193.84566803761132,15.426848022415268,15,0.42684802241526754,False
random_15,physical_hermitian_16x16,9,0.17009765180031183,193.84566803761132,32.97269294486045,33,0.027307055139552006,False
random_15,physical_hermitian_16x16,10,0.23769870525032957,193.84566803761132,46.0768643109254,46,0.07686431092540147,False
random_15,physical_hermitian_16x16,11,0.37526880957001496,193.84566803761132,72.7442330847787,73,0.2557669152213009,False
random_15,physical_hermitian_16x16,12,0.4611309097163446,193.84566803761132,89.38822924675624,89,0.3882292467562394,False
random_15,physical_hermitian_16x16,13,0.5722021001787343,193.84566803761132,110.91889836167094,111,0.08110163832905926,False
random_15,physical_hermitian_16x16,14,0.7964708110093828,193.84566803761132,154.39241643257188,154,0.39241643257187775,False
random_15,physical_hermitian_16x16,15,0.9900990099009906,193.84566803761132,191.92640399763508,192,0.0735960023649227,False
random_16,physical_hermitian_16x16,0,-0.9225304543518481,44.89577334950487,-41.417718186596325,-41,0.41771818659632487,False
random_16,physical_hermitian_16x16,1,-0.8035233617945517,44.89577334950487,-36.0748027321604,-36,0.0748027321603999,False
random_16,physical_hermitian_16x16,2,-0.5843144640289528,44.89577334950487,-26.233249741881284,-26,0.23324974188128422,False
random_16,physical_hermitian_16x16,3,-0.3609032557756599,44.89577334950487,-16.20303077240241,-16,0.20303077240241052,False
random_16,physical_hermitian_16x16,4,-0.26052023497690474,44.89577334950487,-11.696257422482867,-12,0.3037425775171325,False
random_16,physical_hermitian_16x16,5,-0.15542683483905698,44.89577334950487,-6.97800794936523,-7,0.021992050634770166,False
random_16,physical_hermitian_16x16,6,-0.0672349659202776,44.89577334950487,-3.0185657911184673,-3,0.018565791118467345,False
random_16,physical_hermitian_16x16,7,-0.04631543520619858,44.89577334950487,-2.07936728160117,-2,0.0793672816011699,False
random_16,physical_hermitian_16x16,8,0.08909570007957034,44.89577334950487,4.000020357187853,4,2.035718785275975e-05,False
random_16,physical_hermitian_16x16,9,0.1971322763558711,44.89577334950487,8.850405999145147,9,0.14959400085485264,False
random_16,physical_hermitian_16x16,10,0.2680348373984171,44.89577334950487,12.033631309610726,12,0.033631309610726134,False
random_16,physical_hermitian_16x16,11,0.37723983171161146,44.89577334950487,16.93647398292987,17,0.0635260170701315,False
random_16,physical_hermitian_16x16,12,0.43614653072208,44.89577334950487,19.581135790471365,20,0.41886420952863546,False
random_16,physical_hermitian_16x16,13,0.6495672245189394,44.89577334950487,29.16282288726925,29,0.16282288726925032,False
random_16,physical_hermitian_16x16,14,0.7928659165369183,44.89577334950487,35.59632848538893,36,0.4036715146110694,False
random_16,physical_hermitian_16x16,15,0.990099009900989,44.89577334950487,44.45126074208398,44,0.45126074208398137,False
random_17,physical_hermitian_16x16,0,-0.9205834631570577,70.78997102042365,-65.16807667876937,-65,0.16807667876936705,False
random_17,physical_hermitian_16x16,1,-0.8201939415480254,70.78997102042365,-58.061505353311766,-58,0.06150535331176599,False
random_17,physical_hermitian_16x16,2,-0.5948516563347617,70.78997102042365,-42.10953151338879,-42,0.10953151338878797,False
random_17,physical_hermitian_16x16,3,-0.45288076422375406,70.78997102042365,-32.05941617510687,-32,0.05941617510686825,False
random_17,physical_hermitian_16x16,4,-0.39459156026494263,70.78997102042365,-27.933125116059042,-28,0.06687488394095809,False
random_17,physical_hermitian_16x16,5,-0.32372142725771835,70.78997102042365,-22.916230454264063,-23,0.08376954573593665,False
random_17,physical_hermitian_16x16,6,-0.2222117294322623,70.78997102042365,-15.730361886908069,-16,0.269638113091931,False
random_17,physical_hermitian_16x16,7,-0.09899811489089064,70.78997102042365,-7.008073684202719,-7,0.008073684202718923,False
random_17,physical_hermitian_16x16,8,0.048443049953426916,70.78997102042365,3.4292821023440268,3,0.42928210234402675,False
random_17,physical_hermitian_16x16,9,0.19070739121743305,70.78997102042365,13.50017069766268,14,0.4998293023373197,False
random_17,physical_hermitian_16x16,10,0.43048472919552194,70.78997102042365,30.474001504485923,30,0.4740015044859227,False
random_17,physical_hermitian_16x16,11,0.5658796135862765,70.78997102042365,40.058601446821044,40,0.05860144682104362,False
random_17,physical_hermitian_16x16,12,0.6174245322086536,70.78997102042365,43.70746474234922,44,0.29253525765078336,False
random_17,physical_hermitian_16x16,13,0.8245907127531638,70.78997102042365,58.37275265950694,58,0.3727526595069435,False
random_17,physical_hermitian_16x16,14,0.8348085265196148,70.78997102042365,59.096071399926096,59,0.09607139992609603,False
random_17,physical_hermitian_16x16,15,0.9900990099009904,70.78997102042365,70.08908021824126,70,0.08908021824126422,False
random_18,physical_hermitian_16x16,0,-0.990099009900989,109.83436378053102,-108.74689483220881,-109,0.2531051677911904,False
random_18,physical_hermitian_16x16,1,-0.6940590069853839,109.83436378053102,-76.23152945838677,-76,0.23152945838677397,False
random_18,physical_hermitian_16x16,2,-0.6015962893610106,109.83436378053102,-66.07594569469484,-66,0.07594569469483758,False
random_18,physical_hermitian_16x16,3,-0.42660035723588446,109.83436378053102,-46.85537882555062,-47,0.1446211744493766,False
random_18,physical_hermitian_16x16,4,-0.32933821159630466,109.83436378053102,-36.172652939298025,-36,0.1726529392980254,False
random_18,physical_hermitian_16x16,5,-0.18860049449757416,109.83436378053102,-20.7148153218346,-21,0.2851846781654004,False
random_18,physical_hermitian_16x16,6,-0.040699127954811114,109.83436378053102,-4.470162825339103,-4,0.47016282533910303,False
random_18,physical_hermitian_16x16,7,0.06669203791833725,109.83436378053102,7.325077553987622,7,0.3250775539876223,False
random_18,physical_hermitian_16x16,8,0.0993960809083497,109.83436378053102,10.917105308846775,11,0.0828946911532249,False
random_18,physical_hermitian_16x16,9,0.19782661543497665,109.83436378053102,21.728160445156437,22,0.27183955484356304,False
random_18,physical_hermitian_16x16,10,0.2495031075971704,109.83436378053102,27.404015084200587,27,0.4040150842005872,False
random_18,physical_hermitian_16x16,11,0.2978957295604576,109.83436378053102,32.719187929209994,33,0.2808120707900059,False
random_18,physical_hermitian_16x16,12,0.3896369440955622,109.83436378053102,42.79552586012641,43,0.20447413987358942,False
random_18,physical_hermitian_16x16,13,0.4263355048261036,109.83436378053102,46.8262889296266,47,0.1737110703734004,False
random_18,physical_hermitian_16x16,14,0.6549279487588271,109.83436378053102,71.933594574014,72,0.06640542598600518,False
random_18,physical_hermitian_16x16,15,0.8119175623935564,109.83436378053102,89.17644890773586,89,0.17644890773586042,False
random_19,physical_hermitian_16x16,0,-0.8457348710561645,22.33193495734385,-18.886896131583853,-19,0.11310386841614672,False
random_19,physical_hermitian_16x16,1,-0.7634548689058568,22.33193495734385,-17.04942447527307,-17,0.04942447527307081,False
random_19,physical_hermitian_16x16,2,-0.6406859697213335,22.33193495734385,-14.307757403899592,-14,0.3077574038995916,False
random_19,physical_hermitian_16x16,3,-0.48054158307212425,22.33193495734385,-10.731423377465726,-11,0.2685766225342743,False
random_19,physical_hermitian_16x16,4,-0.3871732901824802,22.33193495734385,-8.646328733575965,-9,0.3536712664240351,False
random_19,physical_hermitian_16x16,5,-0.27424812844488244,22.33193495734385,-6.1244913666043965,-6,0.12449136660439653,False
random_19,physical_hermitian_16x16,6,-0.10771380393305399,22.33193495734385,-2.40545766344105,-2,0.40545766344104983,False
random_19,physical_hermitian_16x16,7,0.061340354948191525,22.33193495734385,1.3698488169633982,1,0.3698488169633982,False
random_19,physical_hermitian_16x16,8,0.24421319561167018,22.33193495734385,5.453753200124909,5,0.4537532001249094,False
random_19,physical_hermitian_16x16,9,0.34972780728306097,22.33193495734385,7.810098645019803,8,0.1899013549801971,False
random_19,physical_hermitian_16x16,10,0.3767937922238564,22.33193495734385,8.414534460274094,8,0.41453446027409413,False
random_19,physical_hermitian_16x16,11,0.47901341311120854,22.33193495734385,10.69729638529479,11,0.30270361470521046,False
random_19,physical_hermitian_16x16,12,0.6081274482300203,22.33193495734385,13.580662619648303,14,0.4193373803516973,False
random_19,physical_hermitian_16x16,13,0.6288368201377101,22.33193495734385,14.043142966098277,14,0.0431429660982765,False
random_19,physical_hermitian_16x16,14,0.7887235878791757,22.33193495734385,17.61372386384063,18,0.3862761361593705,False
random_19,physical_hermitian_16x16,15,0.9900990099009901,22.33193495734385,22.110826690439456,22,0.11082669043945614,False
